suite,datasetSize,nodes,rf,cl,concurrency,profile,database,n,throughput,throughput_sd,throughput_min,throughput_max,total_meanMs,total_meanMs_sd,total_meanMs_min,total_meanMs_max,total_p95Ms,total_p95Ms_sd,total_p95Ms_min,total_p95Ms_max,total_p99Ms,total_p99Ms_sd,total_p99Ms_min,total_p99Ms_max,read_meanMs,read_meanMs_sd,read_meanMs_min,read_meanMs_max,read_p95Ms,read_p95Ms_sd,read_p95Ms_min,read_p95Ms_max,read_p99Ms,read_p99Ms_sd,read_p99Ms_min,read_p99Ms_max,write_meanMs,write_meanMs_sd,write_meanMs_min,write_meanMs_max,write_p95Ms,write_p95Ms_sd,write_p95Ms_min,write_p95Ms_max,write_p99Ms,write_p99Ms_sd,write_p99Ms_min,write_p99Ms_max,cpu_percent_sum_mean,cpu_percent_sum_mean_sd,cpu_percent_sum_mean_min,cpu_percent_sum_mean_max,memory_gib_sum_mean,memory_gib_sum_mean_sd,memory_gib_sum_mean_min,memory_gib_sum_mean_max,client_cpu_percent,client_cpu_percent_sd,client_cpu_percent_min,client_cpu_percent_max,cpu_core_seconds_per_1000_ops,cpu_core_seconds_per_1000_ops_sd,cpu_core_seconds_per_1000_ops_min,cpu_core_seconds_per_1000_ops_max,throughput_cv_pct
A_H1_H2,1000000,3,3,LOCAL_QUORUM,1,CONCURRENT_WRITE,cassandra,3,318.8709291475635,8.108837725224664,310.6243417969209,326.8346130446191,3.1266762427733332,0.07974702741870102,3.04927871488,3.20858155008,3.7287243333333335,0.2430686410159347,3.493887,3.979263,5.442217666666667,0.7696811608486551,4.579327,6.057983,,,,,,,,,,,,,3.1266762427733332,0.07974702741870102,3.04927871488,3.20858155008,3.7287243333333335,0.2430686410159347,3.493887,3.979263,5.442217666666667,0.7696811608486551,4.579327,6.057983,258.331540521494,1.6431364889475115,256.4372727272727,259.372,7.627050281888653,0.010181543183204297,7.616837209302325,7.6372,11.279411000408592,0.37203359801487823,11.051663510293034,11.708732536093352,8.105033764067944,0.21853396871394354,7.930168302028207,8.35002171753724,2.542984318734226
A_H1_H2,1000000,3,3,LOCAL_QUORUM,1,CONCURRENT_WRITE,scylla,3,671.9205201475881,7.004012081185548,665.7129982182059,679.5138455516845,1.4845769721212319,0.015366908381271797,1.4679562975644453,1.4982684576187735,1.850367,0.032268188173493674,1.818623,1.883135,2.213887,0.04893820168334749,2.160639,2.256895,,,,,,,,,,,,,1.4845769721212319,0.015366908381271797,1.4679562975644453,1.4982684576187735,1.850367,0.032268188173493674,1.818623,1.883135,2.213887,0.04893820168334749,2.160639,2.256895,72.9524358974359,0.7088958550685225,72.215,73.62884615384615,10.02621794871795,2.6209174294683013,6.999846153846154,11.543076923076923,12.786970413173746,0.17747720926416238,12.582282551648925,12.897993014139143,1.0858813569381258,0.021790608659021445,1.0627450856629714,1.1060148495059465,1.0423869894086741
A_H1_H2,1000000,3,3,LOCAL_QUORUM,1,READ_SINGLE,cassandra,3,308.8217867259765,13.808703564548695,292.9389170320319,317.9802391765447,3.23157543424,0.14814918637712893,3.13416961024,3.40206611456,3.854335,0.483401757084105,3.545087,4.411391,4.998484333333334,1.3376455729397578,4.079615,6.533119,3.23157543424,0.14814918637712893,3.13416961024,3.40206611456,3.854335,0.483401757084105,3.545087,4.411391,4.998484333333334,1.3376455729397578,4.079615,6.533119,,,,,,,,,,,,,183.56715277777778,2.772679045180872,180.39977272727273,185.55522727272728,7.770958333333334,0.053563777846379564,7.709295454545455,7.805954545454545,10.836798387013785,0.578895787283524,10.198596144529231,11.328073129349354,5.953467192707263,0.3229291149603127,5.6733013722627454,6.306654650229758,4.471414957779978
A_H1_H2,1000000,3,3,LOCAL_QUORUM,1,READ_SINGLE,scylla,3,645.8737180301241,1.955128726266496,644.0372111719538,647.9290555617243,1.5440216012390091,0.004570477751422699,1.5393202603834413,1.5484488824863922,1.9141963333333334,0.02272111170989066,1.895423,1.939455,2.2862496666666665,0.06346597467409873,2.244607,2.359295,1.5440216012390091,0.004570477751422699,1.5393202603834413,1.5484488824863922,1.9141963333333334,0.02272111170989066,1.895423,1.939455,2.2862496666666665,0.06346597467409873,2.244607,2.359295,,,,,,,,,,,,,62.84307692307692,0.49387416048071786,62.45576923076923,63.39923076923077,11.544089743589742,0.004324372467613607,11.541038461538461,11.54903846153846,12.987416050017133,0.25877659662375924,12.791577698351507,13.280785557066968,0.9730040216543575,0.009004685297501994,0.963929132281666,0.9819368212139878,0.30271068038339144
A_H1_H2,1000000,3,3,LOCAL_QUORUM,8,CONCURRENT_WRITE,cassandra,3,1872.0285798537552,8.284258848502905,1862.6925944762038,1878.5016978682656,4.269279176066315,0.019089136480182033,4.254552772508428,4.290846071387669,7.595348333333334,0.033107573836409825,7.565311,7.630847,10.674175,0.008191999999999311,10.665983,10.682367,,,,,,,,,,,,,4.269279176066315,0.019089136480182033,4.254552772508428,4.290846071387669,7.595348333333334,0.033107573836409825,7.565311,7.630847,10.674175,0.008191999999999311,10.665983,10.682367,426.78933333333333,2.815203788952645,423.74399999999997,429.29679999999996,7.68372,0.030182272942905132,7.66308,7.7183600000000006,43.24353123978663,0.7984588655421226,42.32655420584682,43.785094418254666,2.2798921695206635,0.02448498355051762,2.2557552142799073,2.304710939814091,0.4425284388099502
A_H1_H2,1000000,3,3,LOCAL_QUORUM,8,CONCURRENT_WRITE,scylla,3,3081.4118988932246,28.521321279223287,3049.9720802043066,3105.624105813643,2.5937493800787523,0.024101837716484584,2.5733461108940645,2.6203424312128303,4.318548333333333,0.04263251966906651,4.284415,4.366335,6.444372333333333,0.07839676945725045,6.361087,6.516735,,,,,,,,,,,,,2.5937493800787523,0.024101837716484584,2.5733461108940645,2.6203424312128303,4.318548333333333,0.04263251966906651,4.284415,4.366335,6.444372333333333,0.07839676945725045,6.361087,6.516735,258.6177333333333,4.837632484318469,254.5416,263.9636,11.558520000000001,0.001614434885649321,11.55672,11.559840000000001,51.327526473950385,1.0674191208507435,50.25357391968929,52.38828993396614,0.8394119663891637,0.022673678233042872,0.8241220742056291,0.865462348699002,0.9255926249089749
A_H1_H2,1000000,3,3,LOCAL_QUORUM,8,READ_SINGLE,cassandra,3,1612.5003076187352,115.49840756565118,1479.1638289024977,1681.6015970928672,4.974710485798574,0.3715832169189171,4.753730500799471,5.403712600152472,8.669865666666666,0.9485166315913147,8.101887,9.764863,12.326228333333333,1.8497661769870621,11.157503,14.458879,4.974710485798574,0.3715832169189171,4.753730500799471,5.403712600152472,8.669865666666666,0.9485166315913147,8.101887,9.764863,12.326228333333333,1.8497661769870621,11.157503,14.458879,,,,,,,,,,,,,419.9716,1.5794099151265486,418.522,421.6548,7.7751600000000005,0.025064524731181374,7.74636,7.79204,40.754979268584854,1.7652739013084688,38.814797446497025,42.26633057867047,2.613415788238297,0.18732394204477756,2.496060902449415,2.829449935309281,7.162690575620032
A_H1_H2,1000000,3,3,LOCAL_QUORUM,8,READ_SINGLE,scylla,3,2944.822907207898,57.94144213212594,2896.7075252404584,3009.1409164957004,2.7150576784437352,0.05313757816395609,2.656204720031607,2.759512436917093,4.5151563333333335,0.12902941787566605,4.366335,4.595711,6.985044333333334,0.5619934907143793,6.406143,7.528447,2.7150576784437352,0.05313757816395609,2.656204720031607,2.759512436917093,4.5151563333333335,0.12902941787566605,4.366335,4.595711,6.985044333333334,0.5619934907143793,6.406143,7.528447,,,,,,,,,,,,,267.04173333333335,0.8206433898675788,266.0956,267.5604,11.560653333333335,0.004005263204001762,11.55728,11.56508,54.78446526207651,2.659462483723785,51.73017497486138,56.587697046798354,0.9070841557585573,0.02033262170605543,0.8842909235034497,0.9233559055217255,1.967569662348983
A_H1_H2,1000000,3,3,LOCAL_QUORUM,32,CONCURRENT_WRITE,cassandra,3,3617.6623449851786,17.23509278480836,3598.871493010745,3632.73459533617,8.84069013882535,0.0422435448395181,8.80352533622037,8.886633098713293,15.884287,0.07508092018615656,15.818751,15.966207,22.746452333333334,0.23247581625049396,22.495231,22.953983,,,,,,,,,,,,,8.84069013882535,0.0422435448395181,8.80352533622037,8.886633098713293,15.884287,0.07508092018615656,15.818751,15.966207,22.746452333333334,0.23247581625049396,22.495231,22.953983,485.84186666666665,1.435815271312199,484.3168,487.1676,7.694186666666667,0.03707105249832201,7.66732,7.73648,53.2002087481734,0.980858514099296,52.15531499449668,54.10111461529552,1.343004214028916,0.010260106341452456,1.333201717025468,1.3536676731750852,0.47641518586442233
A_H1_H2,1000000,3,3,LOCAL_QUORUM,32,CONCURRENT_WRITE,scylla,3,6989.419372430593,76.27868313197628,6903.393889598441,7048.807391797586,4.57542692922791,0.0502878412868916,4.5364898493335195,4.632202235830351,8.151038999999999,0.16773607611959931,8.036351,8.343551,11.444223000000001,0.3361715737179456,11.116543,11.788287,,,,,,,,,,,,,4.57542692922791,0.0502878412868916,4.5364898493335195,4.632202235830351,8.151038999999999,0.16773607611959931,8.036351,8.343551,11.444223000000001,0.3361715737179456,11.116543,11.788287,356.26613333333336,4.90737823825854,353.0736,361.9168,11.572093333333333,0.0018583146486358668,11.56996,11.573360000000001,68.65618878381663,0.44010613102263485,68.14948494846958,68.94318329350017,0.5098136147594611,0.012624236948151096,0.5008983511322178,0.5242592350775629,1.0913450612629374
A_H1_H2,1000000,3,3,LOCAL_QUORUM,32,READ_SINGLE,cassandra,3,2930.375334710727,15.472823673046047,2916.079558813872,2946.80392123455,10.915244671481743,0.057576161730937325,10.85412667156813,10.968463260238586,18.945364333333334,0.09316336767921994,18.841599,19.021823,25.60272966666667,0.254523915146166,25.395199,25.886719,10.915244671481743,0.057576161730937325,10.85412667156813,10.968463260238586,18.945364333333334,0.09316336767921994,18.841599,19.021823,25.60272966666667,0.254523915146166,25.395199,25.886719,,,,,,,,,,,,,484.57013333333333,0.5943836247183663,484.0524,485.2192,7.795426666666667,0.0484434405604447,7.73956,7.8258,54.3488428544658,1.4421900596330435,52.68452022823299,55.23034801179304,1.6536458786171073,0.010011982432391606,1.6439465025451931,1.6639436277841644,0.528015080176528
A_H1_H2,1000000,3,3,LOCAL_QUORUM,32,READ_SINGLE,scylla,3,5992.01172449779,1049.8024952233338,4781.850906897163,6658.070618317621,5.461427083491971,1.0635701913677102,4.803285416138372,6.688450427736961,10.280959,2.9182498094686826,8.478719,13.647871,16.220159,7.514609610124535,11.526143,24.887295,5.461427083491971,1.0635701913677102,4.803285416138372,6.688450427736961,10.280959,2.9182498094686826,8.478719,13.647871,16.220159,7.514609610124535,11.526143,24.887295,,,,,,,,,,,,,359.1469333333333,11.08981597202285,351.5732,371.876,11.572280000000001,0.0016975276139136759,11.57032,11.57328,67.52078236521407,8.846710861982903,57.3132088375362,72.96862593150537,0.6157720625568482,0.14038187812097416,0.5280406594558417,0.7776821302889638,17.520034063540173
A_H1_H2,1000000,3,3,LOCAL_QUORUM,128,CONCURRENT_WRITE,cassandra,3,6271.473129963474,45.83033624788335,6233.593757372744,6322.41726235143,20.404064399797,0.14859063031076852,20.23897543996767,20.527086057516005,35.979263,0.3125867975203034,35.651583,36.274175,49.151998999999996,0.8919880557406588,48.201727,49.971199,,,,,,,,,,,,,20.404064399797,0.14859063031076852,20.23897543996767,20.527086057516005,35.979263,0.3125867975203034,35.651583,36.274175,49.151998999999996,0.8919880557406588,48.201727,49.971199,514.8329282051282,3.3368084170935752,511.06038461538463,517.3976,7.731458974358974,0.021842746447884667,7.711576923076923,7.75484,53.89167425666359,1.8780358560159824,52.68049179164578,56.055083339181515,0.8209195919331286,0.0032366538951897296,0.8183540859933212,0.8245559725056611,0.7307746568970833
A_H1_H2,1000000,3,3,LOCAL_QUORUM,128,CONCURRENT_WRITE,scylla,3,14809.663066938121,150.65828297785208,14709.344702243512,14982.907941015148,8.639367525585666,0.08743548146411406,8.538827972825839,8.69762555377695,15.504724333333334,0.18250579762115277,15.294463,15.622143,20.818601666666666,0.4342017602420935,20.381695,21.250047,,,,,,,,,,,,,8.639367525585666,0.08743548146411406,8.538827972825839,8.69762555377695,15.504724333333334,0.18250579762115277,15.294463,15.622143,20.818601666666666,0.4342017602420935,20.381695,21.250047,419.1398666666667,0.5291965734330857,418.70640000000003,419.7296,11.58024,0.002154437281519252,11.5778,11.58188,76.37761431178745,2.0419246547560546,74.1173266217918,78.08894742418552,0.2830349877628441,0.002533579307165482,0.28013894342299595,0.2848417849206399,1.017297168050971
A_H1_H2,1000000,3,3,LOCAL_QUORUM,128,READ_SINGLE,cassandra,3,4639.961628881535,50.56470158081303,4593.87717660641,4694.051503719651,27.578219641024898,0.2988621099049585,27.259305479739567,27.85186463274224,47.60098033333333,0.7866595226432688,46.825471,48.398335,62.90363633333333,1.5838619936109724,61.177855,64.290815,27.578219641024898,0.2988621099049585,27.259305479739567,27.85186463274224,47.60098033333333,0.7866595226432688,46.825471,48.398335,62.90363633333333,1.5838619936109724,61.177855,64.290815,,,,,,,,,,,,,518.1985333333333,3.379604008361547,514.5336,521.192,7.83188,0.009834714027362771,7.82072,7.8392800000000005,50.764862742178885,2.2421614721443888,48.225194406298534,52.47041657339321,1.116876374148908,0.010287802691856049,1.1053777309193094,1.125209256704611,1.0897655115523373
A_H1_H2,1000000,3,3,LOCAL_QUORUM,128,READ_SINGLE,scylla,3,14266.320275896696,81.17453132131105,14172.766015225874,14318.097883008015,8.967612803957254,0.051025450119157705,8.93555575991508,9.026453193554064,15.657641666666667,0.1334399437250077,15.564799,15.810559,20.387156333333333,0.20874870624110062,20.250623,20.627455,8.967612803957254,0.051025450119157705,8.93555575991508,9.026453193554064,15.657641666666667,0.1334399437250077,15.564799,15.810559,20.387156333333333,0.20874870624110062,20.250623,20.627455,,,,,,,,,,,,,401.36813333333333,1.3350269710134581,400.128,402.7812,11.579946666666666,0.000257164020292804,11.57976,11.58024,84.02697696087316,1.8286806280961527,82.35235245021887,85.97820007475724,0.2813429961429117,0.0010694712423293964,0.28020146480219127,0.2823217426789805,0.5689941747519677
A_H1_H2,10000000,3,3,LOCAL_QUORUM,1,CONCURRENT_WRITE,cassandra,3,324.6761101729693,1.2770702912285172,323.37943774996995,325.9326313886521,3.0692756855466667,0.01183023787340825,3.05767374848,3.08132171776,3.510271,0.02815534506980859,3.485695,3.540991,4.523348333333334,0.12653480339153045,4.386815,4.636671,,,,,,,,,,,,,3.0692756855466667,0.01183023787340825,3.05767374848,3.08132171776,3.510271,0.02815534506980859,3.485695,3.540991,4.523348333333334,0.12653480339153045,4.386815,4.636671,254.9406976744186,0.4232987455865532,254.45511627906976,255.23186046511628,7.829992248062015,0.02410835389653392,7.803162790697674,7.849837209302326,11.411620346153857,0.136892373066195,11.280947942342042,11.553982932923821,7.852207442338342,0.021516969025138773,7.82784820261948,7.868623869517919,0.39333669808602967
A_H1_H2,10000000,3,3,LOCAL_QUORUM,1,CONCURRENT_WRITE,scylla,3,724.7433342617815,88.42044291144249,670.1712953597647,826.7594959059721,1.3892632346965788,0.15819476394159038,1.2068166343318685,1.4882654711850918,1.7138336666666667,0.22214035222204295,1.460223,1.873919,2.1254816666666665,0.2532207967867832,1.836031,2.306047,,,,,,,,,,,,,1.3892632346965788,0.15819476394159038,1.2068166343318685,1.4882654711850918,1.7138336666666667,0.22214035222204295,1.460223,1.873919,2.1254816666666665,0.2532207967867832,1.836031,2.306047,71.32015384615384,3.0381435784560313,67.81846153846153,73.2552,11.658173333333334,0.03775869348022228,11.629679999999999,11.701,13.456716607703894,0.581873861166866,13.028149199759262,14.119134971064382,0.9965043638360538,0.152838903591113,0.8202925019221621,1.0930817315993038,12.200242310818485
A_H1_H2,10000000,3,3,LOCAL_QUORUM,1,READ_SINGLE,cassandra,3,308.111107319796,28.133249377690383,280.7770444844441,336.9806542277483,3.25302926336,0.29590012283866296,2.95787573248,3.5496703692800002,3.909631,0.7319730782371712,3.325951,4.730879,5.472937666666667,2.5605916670936293,3.807231,8.421375,3.25302926336,0.29590012283866296,2.95787573248,3.5496703692800002,3.909631,0.7319730782371712,3.325951,4.730879,5.472937666666667,2.5605916670936293,3.807231,8.421375,,,,,,,,,,,,,183.26548143547274,4.5750588578162805,178.14880952380952,186.9622,8.941143671497585,0.5042099630630418,8.35896,9.237166666666667,10.548991265435147,0.5171330767709533,10.03381047731334,11.068054766628004,5.989833417069338,0.6867050244031029,5.286618305495,6.658742360626218,9.130878020729774
A_H1_H2,10000000,3,3,LOCAL_QUORUM,1,READ_SINGLE,scylla,3,691.9085659287099,77.44879445674835,603.4214512390956,747.3699066211282,1.4546292626330724,0.17243127691996366,1.3350921088554715,1.6522952539657696,1.8807456666666666,0.20829613217084317,1.701887,2.109439,2.315945666666667,0.28156896798712283,1.991679,2.498559,1.4546292626330724,0.17243127691996366,1.3350921088554715,1.6522952539657696,1.8807456666666666,0.20829613217084317,1.701887,2.109439,2.315945666666667,0.28156896798712283,1.991679,2.498559,,,,,,,,,,,,,59.7188,0.48608262672101493,59.43,60.28,11.70708,0.003920612197094516,11.703199999999999,11.71104,13.140855963488907,0.48630849520962294,12.69751700545038,13.660994668270279,0.8713944306083308,0.11117947151719806,0.7951885602229294,0.9989701207376378,11.19350131946888
A_H1_H2,10000000,3,3,LOCAL_QUORUM,8,CONCURRENT_WRITE,cassandra,3,1902.8351832211488,50.21105883228747,1866.6871711095155,1960.1665623977226,4.201945961259018,0.10949114959410199,4.077093880834493,4.281613821261804,7.380991,0.23519030837175248,7.118847,7.573503,10.308265666666665,0.2512064923152532,10.027007,10.510335,,,,,,,,,,,,,4.201945961259018,0.10949114959410199,4.077093880834493,4.281613821261804,7.380991,0.23519030837175248,7.118847,7.573503,10.308265666666665,0.2512064923152532,10.027007,10.510335,426.462,1.374100491230547,424.88,427.3584,8.10292,0.4937052205516974,7.81668,8.673,43.562400472886544,1.660408463501281,42.33933093064313,45.45261891747642,2.242344305052996,0.06547279173828888,2.167570900098799,2.2893948520896954,2.6387497600969
A_H1_H2,10000000,3,3,LOCAL_QUORUM,8,CONCURRENT_WRITE,scylla,3,3507.1053646410087,16.516579233630313,3490.075561986436,3523.0557723895495,2.278734990158017,0.010695440245453054,2.2683934055313855,2.2897522482928117,3.8024523333333335,0.01550720572293207,3.784703,3.813375,5.0162336666666665,0.039782542771086435,4.972543,5.050367,,,,,,,,,,,,,2.278734990158017,0.010695440245453054,2.2683934055313855,2.2897522482928117,3.8024523333333335,0.01550720572293207,3.784703,3.813375,5.0162336666666665,0.039782542771086435,4.972543,5.050367,270.3841333333333,3.7759158959560124,267.1536,274.5352,11.731826666666667,0.008152676452143305,11.72292,11.73892,53.45712816478321,0.7050794279721994,52.726557262443315,54.133599440245185,0.7710057911191786,0.014379927847700983,0.7583007969777334,0.7866167798491548,0.47094619397957466
A_H1_H2,10000000,3,3,LOCAL_QUORUM,8,READ_SINGLE,cassandra,3,1558.0240962026865,13.749838092916583,1542.2586383369405,1567.5334170616309,5.130712544857259,0.04568219783179258,5.0993184828910945,5.183120239872629,8.694441666666666,0.09773345542511755,8.626175,8.806399,12.044969666666667,0.21925399938275525,11.862015,12.287999,5.130712544857259,0.04568219783179258,5.0993184828910945,5.183120239872629,8.694441666666666,0.09773345542511755,8.626175,8.806399,12.044969666666667,0.21925399938275525,11.862015,12.287999,,,,,,,,,,,,,433.4698666666667,2.2668481848887323,430.8768,435.0756,9.395546666666666,0.5647425414587902,8.74432,9.75052,40.65260491493824,1.1282363565750955,39.41046445466811,41.61387006569644,2.7823823942999018,0.03639668166400253,2.7487567110861737,2.821028776789047,0.882517679054422
A_H1_H2,10000000,3,3,LOCAL_QUORUM,8,READ_SINGLE,scylla,3,3015.0886247337817,414.4010428937424,2544.6051801043545,3325.909580959954,2.6873856675053136,0.39722791391497597,2.403221910718909,3.1412819700196932,4.366334999999999,0.7578928316008803,3.837951,5.234687,5.709823,1.4026811654713272,4.722687,7.315455,2.6873856675053136,0.39722791391497597,2.403221910718909,3.1412819700196932,4.366334999999999,0.7578928316008803,3.837951,5.234687,5.709823,1.4026811654713272,4.722687,7.315455,,,,,,,,,,,,,294.79226666666665,8.005019648528888,287.8008,303.5244,11.707653333333333,0.028872695290417794,11.67984,11.73748,57.993623612544155,3.7430412273184874,53.7527478550227,60.83627145825077,0.9934875790712914,0.17308989829957025,0.8811171586793914,1.19281530342382,13.744240865567662
A_H1_H2,10000000,3,3,LOCAL_QUORUM,32,CONCURRENT_WRITE,cassandra,3,3737.806846748576,31.68717528499709,3710.392711088395,3772.5002423195083,8.555193338707062,0.0720362220631845,8.477353713409741,8.619509250255277,15.035049666666668,0.21554977037643364,14.786559,15.171583,21.200895,0.6723431474358912,20.512767,21.856255,,,,,,,,,,,,,8.555193338707062,0.0720362220631845,8.477353713409741,8.619509250255277,15.035049666666668,0.21554977037643364,14.786559,15.171583,21.200895,0.6723431474358912,20.512767,21.856255,482.6124,3.4818347117575987,480.54879999999997,486.6324,8.172933333333333,0.577200668514281,7.83448,8.8394,55.677823943923805,0.7700932141881132,54.86365016821005,56.394562823125135,1.2911763564279037,0.0035166091551677176,1.2884397415954436,1.2951426908636774,0.8477477992893336
A_H1_H2,10000000,3,3,LOCAL_QUORUM,32,CONCURRENT_WRITE,scylla,3,7020.836115702926,301.5124851201924,6676.9119306431085,7239.66925346931,4.560285091498348,0.20042473181179632,4.416860466587579,4.789293639918661,8.284841666666667,0.6267995369153789,7.847935,9.003007,11.381417666666668,1.1721241544432621,10.477567,12.705791,,,,,,,,,,,,,4.560285091498348,0.20042473181179632,4.416860466587579,4.789293639918661,8.284841666666667,0.6267995369153789,7.847935,9.003007,11.381417666666668,1.1721241544432621,10.477567,12.705791,417.8690666666667,6.246429333093702,411.9848,424.4236,11.72504,0.006763194511470615,11.718160000000001,11.731679999999999,69.23578731826635,3.5923499843281363,65.1357118877215,71.83081540756773,0.5959471650563027,0.027940334264445005,0.5690657757639597,0.6248379555304634,4.294538145475641
A_H1_H2,10000000,3,3,LOCAL_QUORUM,32,READ_SINGLE,cassandra,3,2634.4495656470094,15.046260291348087,2617.0836012568934,2643.587970015352,12.141384818583067,0.07009922077763278,12.099404885695733,12.22230945512437,21.200895,0.11814670419440343,21.102591,21.331967,28.874068333333334,0.17364978997203898,28.688383,29.032447,12.141384818583067,0.07009922077763278,12.099404885695733,12.22230945512437,21.200895,0.11814670419440343,21.102591,21.331967,28.874068333333334,0.17364978997203898,28.688383,29.032447,,,,,,,,,,,,,495.1976,0.1674089603336637,495.0796,495.3892,9.5022,0.5953043147836237,8.81488,9.85484,49.99802645099715,0.7915009898190972,49.09637732044245,50.57825523147662,1.879743863959195,0.011405585048905015,1.8727562903727581,1.8929055218644217,0.5711348771883887
A_H1_H2,10000000,3,3,LOCAL_QUORUM,32,READ_SINGLE,scylla,3,7080.457072447543,23.994250647134667,7056.045660761247,7104.011183408995,4.516842689911551,0.01528980821174877,4.5019419434527235,4.532493919887632,7.648596333333334,0.05591202537319995,7.610367,7.712767,10.111657666666666,0.15807234745309975,9.986047,10.289151,4.516842689911551,0.01528980821174877,4.5019419434527235,4.532493919887632,7.648596333333334,0.05591202537319995,7.610367,7.712767,10.111657666666666,0.15807234745309975,9.986047,10.289151,,,,,,,,,,,,,398.91,1.6125669970577987,397.0532,399.9592,11.734733333333333,0.003205328896281416,11.731639999999999,11.73804,80.02407020241795,1.5087901525751355,78.386585891381,81.35801287505437,0.563399929187957,0.0029121897189865993,0.5607055118245264,0.5664895314139395,0.3388799677990341
A_H1_H2,10000000,3,3,LOCAL_QUORUM,128,CONCURRENT_WRITE,cassandra,3,5994.828857924922,1204.858540242685,4624.262603025326,6887.1028250116615,22.002689093923316,4.936942655183287,18.579203421774206,27.661989677518548,38.56247366666666,8.624683469485783,32.686079,48.463871,52.592639,11.26947688230896,44.957695,65.535999,,,,,,,,,,,,,22.002689093923316,4.936942655183287,18.579203421774206,27.661989677518548,38.56247366666666,8.624683469485783,32.686079,48.463871,52.592639,11.26947688230896,44.957695,65.535999,509.22946666666667,6.761735520806257,501.446,513.6544,8.201226666666667,0.5915365217240042,7.853800000000001,8.88424,50.93360050026407,6.8610423282961355,43.01119767469841,54.918295162570864,0.8740242188475431,0.18362319722747927,0.7458207217911405,1.0843804581338865,20.098297529376683
A_H1_H2,10000000,3,3,LOCAL_QUORUM,128,CONCURRENT_WRITE,scylla,3,15052.154753119285,227.12753525998596,14917.437654997233,15314.386068051934,8.50056019909924,0.12735457597776548,8.35352254573827,8.576112346475261,14.838441666666666,0.33107573836409904,14.483455,15.138815,19.273044333333335,0.7490791557140898,18.612223,20.086783,,,,,,,,,,,,,8.50056019909924,0.12735457597776548,8.35352254573827,8.576112346475261,14.838441666666666,0.33107573836409904,14.483455,15.138815,19.273044333333335,0.7490791557140898,18.612223,20.086783,494.28773333333334,4.6987869129524675,489.4336,498.814,11.709613333333333,0.03917432492504841,11.67228,11.750399999999999,77.95257559819493,1.0547156870713799,77.09612577614924,79.13066413501441,0.3284608747740604,0.007824402737253098,0.31959074155837736,0.33438316387593614,1.5089370192192444
A_H1_H2,10000000,3,3,LOCAL_QUORUM,128,READ_SINGLE,cassandra,3,4009.2572980905447,121.31094737394865,3869.518299239339,4087.559181687421,31.934719442136547,0.9828553763277762,31.303047609705192,33.0671015682271,55.23592433333334,1.7482068370319697,54.067199,57.245695,71.54346566666666,2.195537510924674,69.599231,73.924607,31.934719442136547,0.9828553763277762,31.303047609705192,33.0671015682271,55.23592433333334,1.7482068370319697,54.067199,57.245695,71.54346566666666,2.195537510924674,69.599231,73.924607,,,,,,,,,,,,,526.2951388888889,2.207918835586388,524.2644,528.6454166666667,9.530122777777779,0.5979380050555534,8.83976,9.884208333333333,47.468905975018245,0.5092459803369304,46.91490094976943,47.916613767258184,1.3134301176475849,0.03636594317706691,1.2867718279319624,1.3548570117966847,3.0257710681657772
A_H1_H2,10000000,3,3,LOCAL_QUORUM,128,READ_SINGLE,scylla,3,15283.312913762507,147.71415146453796,15114.37367398323,15388.132484266043,8.371312490821799,0.08160530493942791,8.313770887817205,8.464706420823134,14.363305666666667,0.15463869245869064,14.229503,14.532607,18.388308333333335,0.33148088932747427,18.006015,18.595839,8.371312490821799,0.08160530493942791,8.313770887817205,8.464706420823134,14.363305666666667,0.15463869245869064,14.229503,14.532607,18.388308333333335,0.33148088932747427,18.006015,18.595839,,,,,,,,,,,,,450.3168,1.7573622051244635,449.016,452.316,11.713813333333334,0.004518111699962158,11.70908,11.71808,94.05180017074846,4.777483738597883,91.01162544287074,99.55840908743822,0.29467195165309734,0.004017777009497125,0.2917936926128671,0.2992621525419763,0.9665060991555208
B_H3,1000000,1,1,LOCAL_QUORUM,8,CONCURRENT_WRITE,cassandra,3,2665.521153431273,205.96568326202657,2427.6985334514998,2785.9034328500506,3.010429552363332,0.24334327747193601,2.8683287805500606,3.2914120193779732,5.013503,0.7880090853486398,4.530175,5.922815,13.473108333333332,0.8631714648604486,12.787711,14.442495,,,,,,,,,,,,,3.010429552363332,0.24334327747193601,2.8683287805500606,3.2914120193779732,5.013503,0.7880090853486398,4.530175,5.922815,13.473108333333332,0.8631714648604486,12.787711,14.442495,233.4442446633826,0.8775002284350277,232.64535714285714,234.38344827586207,2.537669540229885,0.010165763186746132,2.5259642857142857,2.5442857142857145,27.73413121084899,0.4094802891750413,27.307967791945316,28.124590096155345,0.8793149895815228,0.06841581438376268,0.8383297040763036,0.958295908397248,7.727032404034423
B_H3,1000000,1,1,LOCAL_QUORUM,8,CONCURRENT_WRITE,scylla,3,4843.575589914367,36.97089633939737,4800.943996988275,4866.8298495770805,1.6498982956254213,0.012704522858615239,1.6420103101345946,1.6645539485940428,2.609833666666667,0.024261093572494497,2.594815,2.637823,3.175081666666667,0.04041017640809451,3.147775,3.221503,,,,,,,,,,,,,1.6498982956254213,0.012704522858615239,1.6420103101345946,1.6645539485940428,2.609833666666667,0.024261093572494497,2.594815,2.637823,3.175081666666667,0.04041017640809451,3.147775,3.221503,62.15597701149425,2.53147117188688,59.919310344827586,64.90413793103448,3.5995402298850574,0.4346753600659167,3.0976206896551726,3.851,37.50047154074963,0.4764918445133928,37.064823485630285,38.00933260536958,0.12835625378321158,0.00616429967040633,0.12321589637284153,0.13519036666903447,0.7632976022172703
B_H3,1000000,1,1,LOCAL_QUORUM,8,READ_SINGLE,cassandra,3,2516.495973257109,11.06300710334461,2507.5235135842577,2528.8569317703177,3.1760841858539908,0.014290046246579651,3.160151273187406,3.18776711123715,4.927487,0.06437369301197499,4.853759,4.972543,20.709374999999998,0.4250377181945163,20.365311,21.184511,3.1760841858539908,0.014290046246579651,3.160151273187406,3.18776711123715,4.927487,0.06437369301197499,4.853759,4.972543,20.709374999999998,0.4250377181945163,20.365311,21.184511,,,,,,,,,,,,,229.6322988505747,0.8358499297324213,228.90310344827586,230.5444827586207,2.5878275862068967,0.012820214789669791,2.578689655172414,2.6024827586206896,28.52807424691647,0.2563246630260356,28.329097585447364,28.8173217645653,0.9125192051929184,0.0050309202119181344,0.9073242043163049,0.9173681790593773,0.4396195035045386
B_H3,1000000,1,1,LOCAL_QUORUM,8,READ_SINGLE,scylla,3,4536.799806729647,36.95524158007759,4495.7889144021765,4567.516516924851,1.761789962741761,0.014422265762160583,1.7498013651730013,1.7777946009791832,2.673321666666667,0.029631193653535635,2.654207,2.707455,3.252223,0.08720248363435545,3.178495,3.348479,1.761789962741761,0.014422265762160583,1.7498013651730013,1.7777946009791832,2.673321666666667,0.029631193653535635,2.654207,2.707455,3.252223,0.08720248363435545,3.178495,3.348479,,,,,,,,,,,,,86.99154761904762,0.1373957551651952,86.8375,87.10142857142857,3.8509404761904764,4.123930494220315e-05,3.850892857142857,3.850964285714286,43.93670625546571,0.9172638434664434,42.97521206654427,44.80218657182644,0.19175501658301292,0.001598458095787751,0.19069756671634525,0.19359386293003436,0.8145662836006156
B_H3,1000000,1,1,LOCAL_QUORUM,32,CONCURRENT_WRITE,cassandra,3,8265.027290202455,47.79065494180875,8212.194929681871,8305.24575147475,3.867828864100013,0.022009300565954768,3.849329539774031,3.892169601804997,6.742015,0.17650861200519394,6.610943,6.942719,38.141951,0.16384000000000043,37.978111,38.305791,,,,,,,,,,,,,3.867828864100013,0.022009300565954768,3.849329539774031,3.892169601804997,6.742015,0.17650861200519394,6.610943,6.942719,38.141951,0.16384000000000043,37.978111,38.305791,219.5562068965517,0.6139712062407787,218.90206896551723,220.12,2.555503694581281,0.009759282045783968,2.546103448275862,2.5655862068965516,41.27277603209775,0.6490537686132386,40.54285019668336,41.784970062844955,0.2656524886257127,0.002068008828747166,0.2644498160230622,0.26804039831593124,0.5782274306397128
B_H3,1000000,1,1,LOCAL_QUORUM,32,CONCURRENT_WRITE,scylla,3,14460.298601714761,167.96144629680944,14267.075581198054,14571.390985528129,2.210962690230079,0.02582473073246661,2.1938341631109686,2.240666416565491,3.307519,0.1532719697270183,3.192831,3.481599,4.339028333333333,0.2890607688451222,4.132863,4.669439,,,,,,,,,,,,,2.210962690230079,0.02582473073246661,2.1938341631109686,2.240666416565491,3.307519,0.1532719697270183,3.192831,3.481599,4.339028333333333,0.2890607688451222,4.132863,4.669439,104.23965517241379,1.2802885469209362,102.84896551724138,105.36931034482758,3.855609195402299,0.002361586493220468,3.8528965517241383,3.857206896551724,66.07498071845471,1.9023962262895515,64.08067553936836,67.86973693217642,0.07208665287480474,0.0002266487614632032,0.07185917011657388,0.0723124583298034,1.161535117102574
B_H3,1000000,1,1,LOCAL_QUORUM,32,READ_SINGLE,cassandra,3,5896.754767865472,283.89180585638786,5569.234625159859,6072.45110848352,5.4312465807400505,0.2692657787306758,5.265140511572975,5.7419191222531,38.58978033333334,1.5523641863291415,37.519359,40.370175,49.293993666666665,0.19751612492485862,49.086463,49.479679,5.4312465807400505,0.2692657787306758,5.265140511572975,5.7419191222531,38.58978033333334,1.5523641863291415,37.519359,40.370175,49.293993666666665,0.19751612492485862,49.086463,49.479679,,,,,,,,,,,,,211.76761904761906,0.23988223961327573,211.56586206896552,212.03285714285715,2.5967003284072248,0.01767978345390153,2.576551724137931,2.609620689655172,35.94569186300563,1.7136469499706009,33.96745182426352,36.973678718905624,0.3597099964308122,0.01820572513855753,0.3486304527594683,0.38072171746000183,4.814373617900207
B_H3,1000000,1,1,LOCAL_QUORUM,32,READ_SINGLE,scylla,3,14485.614868559427,62.23232454177915,14414.730516612992,14531.275591627207,2.2072721564460376,0.009560009062940281,2.20030289766248,2.2181706813920683,3.0795083333333335,0.0031283716744231658,3.076095,3.082239,4.003156333333333,0.05034637740029884,3.971071,4.061183,2.2072721564460376,0.009560009062940281,2.20030289766248,2.2181706813920683,3.0795083333333335,0.0031283716744231658,3.076095,3.082239,4.003156333333333,0.05034637740029884,3.971071,4.061183,,,,,,,,,,,,,117.23183908045976,0.9963843275069394,116.28103448275863,118.26827586206896,3.8561609195402298,0.0001108465604713403,3.8560344827586204,3.8562413793103447,69.77883716568167,1.0005308102250474,69.05141189498686,70.9198536405124,0.08092940233663809,0.0004977705547801798,0.08061660255349525,0.08150340580452982,0.42961465637784185
B_H3,1000000,2,1,LOCAL_QUORUM,8,CONCURRENT_WRITE,cassandra,3,2814.4739037665663,13.702832913120282,2800.1905747118453,2827.511118580441,2.8391593310138576,0.01366554710457533,2.826137686815638,2.8533886221612046,4.871508333333333,0.06349900979805367,4.825087,4.943871,7.925759,0.13944458879425906,7.802879,8.077311,,,,,,,,,,,,,2.8391593310138576,0.01366554710457533,2.826137686815638,2.8533886221612046,4.871508333333333,0.06349900979805367,4.825087,4.943871,7.925759,0.13944458879425906,7.802879,8.077311,312.77290256410254,2.195706990579846,310.2923076923077,314.4672,5.054681538461538,0.013271552260692408,5.0424,5.06876,46.112380830451926,0.6201918057491835,45.42679354621026,46.634382264487726,1.1113158556200278,0.008919801616413973,1.1019998640059772,1.1197780709345717,0.4868701356506449
B_H3,1000000,2,1,LOCAL_QUORUM,8,CONCURRENT_WRITE,scylla,3,3859.3240346018356,26.711004026209025,3836.6470651729373,3888.7676022829205,2.0706900158843924,0.014305423367341478,2.054947020768987,2.0828932239952276,3.2822603333333333,0.02246585367470662,3.256319,3.295231,4.530175,0.11013594857266201,4.403199,4.599807,,,,,,,,,,,,,2.0706900158843924,0.014305423367341478,2.054947020768987,2.0828932239952276,3.2822603333333333,0.02246585367470662,3.256319,3.295231,4.530175,0.11013594857266201,4.403199,4.599807,164.42746666666667,0.5942490162661799,163.8068,164.9912,5.289893333333334,2.5120976596727553,2.67128,7.67984,58.610528805404336,1.9685944989272892,56.60440167817554,60.53931088090793,0.42607309973968066,0.004469507211370258,0.4212306230483827,0.4300400771749459,0.692116126729037
B_H3,1000000,2,1,LOCAL_QUORUM,8,READ_SINGLE,cassandra,3,2610.52436919988,5.897741239183016,2604.0195223398923,2615.522810161413,3.0615277269203074,0.006916423153828516,3.0556934717524564,3.069167990032684,5.320703,0.04256688064681274,5.271551,5.345279,8.211113666666666,0.07285048154496511,8.146943,8.290303,3.0615277269203074,0.006916423153828516,3.0556934717524564,3.069167990032684,5.320703,0.04256688064681274,5.271551,5.345279,8.211113666666666,0.07285048154496511,8.146943,8.290303,,,,,,,,,,,,,331.28672307692307,1.9014734721904085,329.1248,332.69960000000003,5.104449743589743,0.012989782086654612,5.091269230769231,5.11724,47.974318297823906,0.7350297523694835,47.4558312629936,48.81549577446725,1.2690362556340617,0.004458773395750784,1.2639106472760178,1.2720194934161861,0.22592170786709265
B_H3,1000000,2,1,LOCAL_QUORUM,8,READ_SINGLE,scylla,3,3770.1443772916746,20.187262185175772,3751.517272547605,3791.5946005900023,2.119898238432299,0.01130592365828673,2.1078758087434815,2.1303162432705793,3.3498443333333334,0.019891271385543217,3.327999,3.366911,4.489215000000001,0.08983229316899352,4.386815,4.554751,2.119898238432299,0.01130592365828673,2.1078758087434815,2.1303162432705793,3.3498443333333334,0.019891271385543217,3.327999,3.366911,4.489215000000001,0.08983229316899352,4.386815,4.554751,,,,,,,,,,,,,181.92744615384615,0.6493806731788545,181.19153846153847,182.42000000000002,7.689026666666667,0.0008003332639181618,7.6882399999999995,7.68984,61.14504848238701,0.9735965110942333,60.05705069297318,61.934171374466324,0.48256290820511544,0.0042770867572474985,0.4778768764818465,0.48625659099290525,0.5354506396828632
B_H3,1000000,2,1,LOCAL_QUORUM,32,CONCURRENT_WRITE,cassandra,3,8193.604827666704,65.00003210666313,8125.724676046747,8255.279681930926,3.9019424343183333,0.030948200641692875,3.8727453929613302,3.9343858619721197,6.949545666666666,0.07666562466538296,6.893567,7.036927,10.392916333333332,0.07387954795025033,10.321919,10.469375,,,,,,,,,,,,,3.9019424343183333,0.030948200641692875,3.8727453929613302,3.9343858619721197,6.949545666666666,0.07666562466538296,6.893567,7.036927,10.392916333333332,0.07387954795025033,10.321919,10.469375,375.4588,0.7671532832491887,374.6372,376.1564,5.07804,0.005820240544857466,5.07196,5.08356,71.41638634755739,0.9597880264972285,70.6603960658427,72.49620203262255,0.45825803948624616,0.004556552612431733,0.45381527269148997,0.4629204347876135,0.7933020138728513
B_H3,1000000,2,1,LOCAL_QUORUM,32,CONCURRENT_WRITE,scylla,3,9440.348323197597,265.44943568736767,9134.581711500903,9611.765039023188,3.3886726810442807,0.09692089495329151,3.326382111729099,3.5003386065918933,5.883220333333333,0.2861733455465996,5.713919,6.213631,8.286207000000001,0.5995150526617327,7.933951,8.978431,,,,,,,,,,,,,3.3886726810442807,0.09692089495329151,3.326382111729099,3.5003386065918933,5.883220333333333,0.2861733455465996,5.713919,6.213631,8.286207000000001,0.5995150526617327,7.933951,8.978431,253.80373333333333,0.6991732641722923,253.1996,254.5696,7.708026666666667,0.0027978086663198558,7.70496,7.71044,80.40418128983572,3.384574785915152,77.21334191516374,83.9538922925172,0.2689921422492639,0.007616419683171514,0.26342674729565785,0.27767226569406217,2.811860607251997
B_H3,1000000,2,1,LOCAL_QUORUM,32,READ_SINGLE,cassandra,3,6759.643765337105,31.92689525603454,6727.195097112003,6791.021963263969,4.730503826200384,0.022292395081051703,4.708720601584063,4.753272695028292,8.688980333333333,0.11478548238054045,8.577023,8.806399,12.533759,0.06502198422072261,12.460031,12.582911,4.730503826200384,0.022292395081051703,4.708720601584063,4.753272695028292,8.688980333333333,0.11478548238054045,8.577023,8.806399,12.533759,0.06502198422072261,12.460031,12.582911,,,,,,,,,,,,,410.6845333333333,1.5366774721239846,409.7784,412.4588,5.128946666666667,0.0009000740710261955,5.12792,5.1296,67.92524258685272,0.8993945993681269,67.03620224447076,68.83464564392527,0.6075689061517404,0.005002965874188173,0.6034119786634413,0.6131215076207159,0.4723162397958458
B_H3,1000000,2,1,LOCAL_QUORUM,32,READ_SINGLE,scylla,3,8972.528734093552,429.36625110802504,8476.811663769124,9227.72329217582,3.5695696275110405,0.17567783399631698,3.465424856093768,3.7724004335399712,6.227284333333333,0.45996335306775593,5.959679,6.758399,8.800937666666666,0.9702794911927863,8.204287,9.920511,3.5695696275110405,0.17567783399631698,3.465424856093768,3.7724004335399712,6.227284333333333,0.45996335306775593,5.959679,6.758399,8.800937666666666,0.9702794911927863,8.204287,9.920511,,,,,,,,,,,,,271.3888512820513,1.567660782149494,269.6144,272.586,7.708946666666667,0.00016653327995738606,7.70876,7.70908,80.58022447554512,2.667866192569327,77.6585399407147,82.88683836145668,0.3029792977044128,0.01613079310585567,0.29264398166376543,0.3215666583287018,4.78534272591997
B_H3,1000000,3,1,LOCAL_QUORUM,8,CONCURRENT_WRITE,cassandra,3,2672.0583183089457,21.445337048440685,2647.4537409988616,2686.7820864012942,2.990619453106233,0.024085610235402555,2.974114534851311,3.018257664100993,5.308415,0.10625942954862858,5.222399,5.427199,8.067753666666666,0.096088819356538,7.991295,8.175615,,,,,,,,,,,,,2.990619453106233,0.024085610235402555,2.974114534851311,3.018257664100993,5.308415,0.10625942954862858,5.222399,5.427199,8.067753666666666,0.096088819356538,7.991295,8.175615,341.0732111111111,0.9383164713306524,340.0808333333333,341.946,8.845952222222222,0.019615080460744744,8.82536,8.864416666666667,54.2873162572602,1.2592679327182166,52.86502192228086,55.26031232180056,1.2765126575153087,0.01310168368062535,1.2680408359863122,1.2916033043545712,0.8025774325918419
B_H3,1000000,3,1,LOCAL_QUORUM,8,CONCURRENT_WRITE,scylla,3,4212.241215963305,32.70253075833757,4174.484470967656,4231.645586084858,1.8971035785340191,0.014731378965101955,1.8883964802634083,1.914112298786022,3.0337696666666667,0.018355991428776954,3.012607,3.045375,3.8693536666666666,0.019029142002027488,3.856383,3.891199,,,,,,,,,,,,,1.8971035785340191,0.014731378965101955,1.8883964802634083,1.914112298786022,3.0337696666666667,0.018355991428776954,3.012607,3.045375,3.8693536666666666,0.019029142002027488,3.856383,3.891199,206.9528,1.6193344311784394,205.3148,208.5528,11.720213333333334,0.0021917420772829405,11.7178,11.72208,67.61236168467354,0.5743968209530489,67.20384949811883,68.26913302962556,0.49131527159147836,0.0019588384128814873,0.48914966007706,0.492963447142932,0.7763688991599873
B_H3,1000000,3,1,LOCAL_QUORUM,8,READ_SINGLE,cassandra,3,2395.374224695335,10.661687425775511,2384.934454118455,2406.2447711390314,3.3365271263250484,0.015181001110111253,3.321015493017189,3.3513543444523126,5.849087,0.039073349690038346,5.808127,5.885951,8.634367,0.12611423697584612,8.495103,8.740863,3.3365271263250484,0.015181001110111253,3.321015493017189,3.3513543444523126,5.849087,0.039073349690038346,5.808127,5.885951,8.634367,0.12611423697584612,8.495103,8.740863,,,,,,,,,,,,,361.36333333333334,3.0219591349542227,359.3276,364.8356,8.867866666666666,0.006491882110245958,8.86272,8.87516,53.252771442603276,0.5541349100716213,52.724344909867895,53.82945798492594,1.5086056370044758,0.013880540886236071,1.49580293874103,1.5233578904690146,0.4450948547353414
B_H3,1000000,3,1,LOCAL_QUORUM,8,READ_SINGLE,scylla,3,3909.500734511352,13.419554413663157,3901.220812366289,3924.983825999031,2.044384184224455,0.007010304227853562,2.036292903329177,2.048636574454057,3.194196333333333,0.013636255986645762,3.182591,3.209215,4.081663,0.03383851344252541,4.059135,4.120575,2.044384184224455,0.007010304227853562,2.036292903329177,2.048636574454057,3.194196333333333,0.013636255986645762,3.182591,3.209215,4.081663,0.03383851344252541,4.059135,4.120575,,,,,,,,,,,,,231.15409444444444,2.3985254915105543,228.9176,233.68708333333333,11.721974444444443,0.0004891754210834516,11.72144,11.722399999999999,68.00041022984898,0.7620274297992443,67.15494708037421,68.6342812157028,0.591268012072867,0.006598451775096049,0.5867845246656259,0.5988448585243361,0.3432549403355072
B_H3,1000000,3,1,LOCAL_QUORUM,32,CONCURRENT_WRITE,cassandra,3,6408.956095659017,48.85442799801339,6376.891853938014,6465.183594825437,4.9888934121928346,0.037937974156036995,4.945223319044946,5.013725475017184,9.229652333333334,0.10242730302674774,9.125887,9.330687,13.085353666666666,0.2518734724049628,12.795903,13.254655,,,,,,,,,,,,,4.9888934121928346,0.037937974156036995,4.945223319044946,5.013725475017184,9.229652333333334,0.10242730302674774,9.125887,9.330687,13.085353666666666,0.2518734724049628,12.795903,13.254655,407.49643333333336,4.534364042999217,402.8466666666667,411.9058333333333,8.850116666666667,0.005059012859354799,8.8456,8.855583333333334,77.59227364188108,1.1305428969167137,76.29312800867004,78.35271895079356,0.6358194702557988,0.004371317036192123,0.6309471221299313,0.6393973887893433,0.7622837053151916
B_H3,1000000,3,1,LOCAL_QUORUM,32,CONCURRENT_WRITE,scylla,3,8271.719471068916,1309.7994186238134,6760.61269122685,9081.969679579186,3.9381151659090503,0.6861700687262268,3.5206544237945865,4.730047268625822,7.473833666666667,2.026991726464943,6.266879,9.814015,11.599871,5.321490663939945,8.445951,17.743871,,,,,,,,,,,,,3.9381151659090503,0.6861700687262268,3.5206544237945865,4.730047268625822,7.473833666666667,2.026991726464943,6.266879,9.814015,11.599871,5.321490663939945,8.445951,17.743871,353.2924,16.20684780208663,343.7808,372.0056,11.726013333333334,0.001740957590905914,11.72424,11.72772,89.0570644036597,9.827077995677582,77.72194047613068,95.18035226508636,0.4374242874048373,0.09773699330581948,0.3788724386227454,0.5502542698278609,15.834669239025269
B_H3,1000000,3,1,LOCAL_QUORUM,32,READ_SINGLE,cassandra,3,5365.526750090505,22.142588121441126,5343.103222840871,5387.37727670636,5.95999626236834,0.02469421009420187,5.935579133178589,5.984958526966541,11.288575,0.02167399474024098,11.263999,11.304959,16.089087,0.10836997370120524,15.966207,16.171007,5.95999626236834,0.02469421009420187,5.935579133178589,5.984958526966541,11.288575,0.02167399474024098,11.263999,11.304959,16.089087,0.10836997370120524,15.966207,16.171007,,,,,,,,,,,,,439.2402666666667,1.1334807511966691,438.5492,440.5484,8.860240000000001,0.017332835890298163,8.84032,8.87188,74.26376218284761,0.315037000591588,73.90562120642674,74.49805578667073,0.818648315167619,0.0053128410046746274,0.8141683373401273,0.8245178534390454,0.41268246628474325
B_H3,1000000,3,1,LOCAL_QUORUM,32,READ_SINGLE,scylla,3,8227.358784513715,93.6111685255551,8133.942545281531,8321.16367215593,3.887128392183265,0.04423522744097311,3.842961649608975,3.9314317878749176,6.912681666666667,0.12028113982388626,6.782975,7.020543,9.385300333333333,0.254523915146167,9.101311,9.592831,3.887128392183265,0.04423522744097311,3.842961649608975,3.9314317878749176,6.912681666666667,0.12028113982388626,6.782975,7.020543,9.385300333333333,0.254523915146167,9.101311,9.592831,,,,,,,,,,,,,364.5504,2.765112482341356,361.6752,367.1904,11.726386666666668,0.0002722743714219448,11.726080000000001,11.726600000000001,95.05447387373007,0.5378692110498416,94.43670912072135,95.41883886598413,0.443147819982373,0.007441594670050007,0.43464497785355255,0.44847329320221313,1.137803406626177
C_H4,1000000,3,3,LOCAL_QUORUM,32,BALANCED,cassandra,3,3197.8635547597837,26.86256406269349,3167.941888166847,3219.9037771010894,10.001879276871088,0.08421971649889222,9.933229695672278,10.095856283674712,17.754793666666668,0.24865565218859104,17.530879,18.022399,24.739839,0.4999134020367931,24.166399,25.083903,11.074693404043808,0.09062823284169602,10.98812153661945,11.168895547512834,19.300351,0.2898625497162413,19.038207,19.611647,26.569385666666665,0.5294677464674631,25.968639,26.968063,8.929070101323475,0.08127535289308747,8.878345134686187,9.022813256674722,15.548415,0.19864544301845977,15.368191,15.761407,21.708799,0.4115613839222531,21.233663,21.954559,480.6716,1.4490537050089016,479.0104,481.67560000000003,8.92028,0.028005742268327756,8.90024,8.95228,53.73394348755181,2.001583943561922,51.4331485727329,55.074328715837325,1.50317679638365,0.014052977679299262,1.494224899821155,1.5193738300500346,0.8400159544865681
C_H4,1000000,3,3,LOCAL_QUORUM,32,BALANCED,scylla,3,5138.318115580707,70.14388397879026,5062.196934048691,5200.344072007548,6.224443223726421,0.08546187673154088,6.149757870996688,6.317645598803361,11.457876333333333,0.2722325393433589,11.288575,11.771903,15.043241666666667,0.412565690194099,14.753791,15.515647,7.198246175718231,0.12510777681413338,7.11756931596197,7.342365090487677,12.724905666666666,0.34017356034432417,12.492799,13.115391,16.310271,0.4816589486846471,15.958015,16.859135,5.250641021439763,0.06001878678995258,5.1819464260314065,5.2929283562344995,9.098580333333333,0.14101983323395825,8.986623,9.256959,11.968511,0.2565809727629857,11.796479,12.263423,444.0122666666667,0.9912917095049922,443.2168,445.1228,11.73444,0.004174781431404335,11.72968,11.73748,65.1565245987075,1.0371602156961521,64.26723506372234,66.2958451216769,0.8642451933314765,0.013776230271923144,0.8522836063593384,0.8793075532207623,1.3651136889733606
C_H4,1000000,3,3,LOCAL_QUORUM,32,READ_HEAVY,cassandra,3,3177.940827922435,22.34246826690112,3152.1765288185043,3191.9790730672808,10.064812896605819,0.07090485670192277,10.020376961678563,10.146584071113868,17.569108333333332,0.1522331360162199,17.465343,17.743871,24.04078833333333,0.37516617308778377,23.740415,24.461311,10.437703449876182,0.0728596264063051,10.395127443442998,10.521832426328533,18.055167,0.15629339876015264,17.956863,18.235391,24.619689666666666,0.4241948066694521,24.297471,25.100287,8.573260589637618,0.06459646856279389,8.521384817696097,8.645613795976631,14.882132333333333,0.13012994793410607,14.802943,15.032319,20.376233666666668,0.28203966646791595,20.152319,20.692991,481.54173333333335,1.9078974535685282,480.4048,483.7444,8.933906666666667,0.017129171997890748,8.91416,8.94476,53.77041746015732,1.0036154303818938,52.81418622333986,54.815507767949576,1.5153417428988059,0.01672234805466738,1.505037436032946,1.5346361334062613,0.7030485926796634
C_H4,1000000,3,3,LOCAL_QUORUM,32,READ_HEAVY,scylla,3,4946.288123437524,117.41073751063115,4821.014873637948,5053.8161834478105,6.468645741217761,0.15453544381254375,6.328638802832956,6.634460202981084,11.400532333333334,0.2986805147265777,11.132927,11.722751,14.644564333333333,0.44662054747775926,14.237695,15.122431,6.8289553662380005,0.1834060607603541,6.661405316800774,7.024904446886753,11.780095,0.31118819185823854,11.501567,12.115967,15.040511,0.48664892998546716,14.589951,15.556607,5.027418099529655,0.039866031640589696,4.997580062722251,5.072694475334463,8.492372333333334,0.07785992153433809,8.413183,8.568831,10.999124333333333,0.148664675956777,10.829823,11.108351,440.6906666666667,3.0272883267593254,437.3204,443.1792,11.740733333333333,0.0010440945040247028,11.73964,11.74172,63.27325959852757,2.051235819361973,61.546103935606745,65.54049991565324,0.8913279537366903,0.024463634146578137,0.873740523935619,0.9192653655216293,2.373714077720045
C_H4,1000000,3,3,LOCAL_QUORUM,32,WRITE_HEAVY,cassandra,3,3321.1155740997665,86.19112796389689,3222.337807848928,3381.046051533445,9.63429096435369,0.25358424429854864,9.45912635648705,9.925080032617483,17.334271,0.6535142006842691,16.826367,18.071551,24.696148333333333,1.16237908125247,23.658495,25.952255,11.532943083647115,0.2936621795437981,11.311785592691782,11.866130227079958,20.496383,0.7508092018615649,19.841023,21.315583,28.677460333333332,1.238519145620822,27.475967,29.949951,9.159626909877556,0.24379184146191846,8.995959644938818,9.439814346832742,16.211967,0.6256564582196844,15.753215,16.924671,22.99221233333333,1.1462166462538115,21.970943,24.231935,484.7805333333333,3.5943021872587804,480.6576,487.2544,8.917293333333333,0.020609758206571318,8.89352,8.93012,53.5083810806545,0.5586178293833832,52.87975438121953,53.947895204623265,1.4601668985071559,0.02745697523993193,1.4411350587165468,1.491642492693412,2.5952462671299887
C_H4,1000000,3,3,LOCAL_QUORUM,32,WRITE_HEAVY,scylla,3,6329.809238938372,47.1140817016815,6275.998632393979,6363.646400697737,5.0522462059938045,0.03769351566804874,5.025347197843372,5.095329029893327,9.180500333333333,0.08082035281618974,9.125887,9.273343,12.457300333333333,0.19819448796909914,12.304383,12.681215,6.332161115825071,0.07644830895956141,6.255717975800737,6.408614592671603,11.343188333333334,0.14570096308993022,11.214847,11.501567,14.797481666666666,0.25452391514616773,14.589951,15.081471,4.732268069544338,0.03419441587821397,4.69864701556754,4.767008365755156,8.291668333333334,0.05811895406262301,8.228863,8.343551,11.081044333333333,0.16390825245036683,10.919935,11.247615,426.2561388888889,2.1580880657510106,423.81800000000004,427.92125,11.745326666666667,0.0017023252072124158,11.74348,11.746833333333333,69.28917721986352,1.55909469116972,67.80674322930265,70.91502315077513,0.6734385550951787,0.006538437815495156,0.6674527635195865,0.6804162838126312,0.7443207199966648
C_H4,10000000,3,3,LOCAL_QUORUM,32,BALANCED,cassandra,3,3032.0176160211618,219.39031616265396,2778.8311575282346,3165.9982502792764,10.586310303356942,0.798339098567565,10.101829140968142,11.50774439068157,19.021823,1.5775503518354026,18.022399,20.840447,26.755071,2.2019876570335266,25.133055,29.261823,11.719655647310628,0.8777285659923397,11.181138819671672,12.732491330363926,20.698452333333332,1.7159714436287488,19.595263,22.675455,28.775764333333335,2.3008487795292707,27.148287,31.408127,9.45297045587173,0.7189943998539078,9.022519462264615,10.283002347891104,16.717140333333333,1.4578614791883806,15.818751,18.399231,23.379967,1.944940216549599,21.872639,25.575423,482.7337333333333,3.4111911194381035,479.0148,485.7172,9.00416,0.0360703534776142,8.98016,9.04564,52.45414536991289,1.0472904833390662,51.352988423748855,53.43762959651246,1.5973980597398396,0.10946693718046566,1.5341676198246614,1.7237995863918654,7.2357863293206774
C_H4,10000000,3,3,LOCAL_QUORUM,32,BALANCED,scylla,3,4695.6752140677145,45.734365930215596,4642.865873145073,4722.191062431857,6.811604009893561,0.0667277008628649,6.772944701158323,6.8886543663404955,12.593833666666667,0.08367611055333106,12.533759,12.689407,16.577876333333332,0.19252652427479597,16.383999,16.769023,8.02881625341004,0.07914497435324809,7.972522030596926,8.119310356113507,14.054740333333333,0.0787171208145553,13.983743,14.139391,18.093396333333335,0.23247581625049396,17.842175,18.300927,5.594394653369256,0.05613300206064299,5.551806676913086,5.658004266564564,9.641983,0.12611423697584687,9.535487,9.781247,12.719444333333334,0.3523829848635336,12.402687,13.099007,459.4049333333333,6.724885228264756,453.7136,466.8256,11.76636,0.00890698602221825,11.75788,11.77564,60.4862843991881,1.1002811486180413,59.73585092747884,61.74933885073633,0.9785090902661225,0.023717549281831462,0.9608568548184487,1.0054686324241644,0.9739678288055482
C_H4,10000000,3,3,LOCAL_QUORUM,32,READ_HEAVY,cassandra,3,2609.0605846232115,718.6204807284154,1797.3029558507876,3163.9446318694395,13.021505500781876,4.1680715201724725,10.108806143268247,17.79598071013991,27.907412333333333,15.825700169205449,17.694719,46.137343,44.204031,30.239041172964196,24.018943,78.970879,13.471778644811529,4.279139543056215,10.472612018848338,18.37206554546859,28.579156333333334,16.12465580024694,18.169855,47.153151,44.97954033333333,30.372283108657957,24.608767,79.888383,11.220445162266968,3.7240762583428277,8.65359222235098,15.491712569521692,24.464041666666667,14.65649841868068,15.081471,41.353215,39.64381766666666,29.206226731868345,20.594687,73.269247,472.0512444444445,13.400150781462338,456.97333333333336,482.5996,8.995266111111112,0.012570334603225482,8.98076,9.002958333333334,47.06897891580074,11.719234701269556,33.61173757608366,55.029449262729436,1.9102587819295354,0.55188619820903,1.525309877862346,2.5425503911054124,27.54326537925892
C_H4,10000000,3,3,LOCAL_QUORUM,32,READ_HEAVY,scylla,3,4171.411019740728,25.62888016267333,4142.6701312658015,4191.889695771971,7.667671513247004,0.047252853070922717,7.629792447400018,7.720621550448763,13.437609666666667,0.06148549426761834,13.402111,13.508607,17.039358999999997,0.10743707278216388,16.941055,17.154047,8.20213968096727,0.04878710603212728,8.159063344868429,8.255118327165325,13.896361666666667,0.06870218410890037,13.852671,13.975551,17.487188333333332,0.10660097390424406,17.383423,17.596415,5.529810714792097,0.04669672576362773,5.494067570878884,5.58264519487207,9.226921666666666,0.07567445448322344,9.183231,9.314303,11.897513666666667,0.05926238730707105,11.829247,11.935743,458.1552,6.215763328827752,452.7548,464.9496,11.78856,0.0047281285938517575,11.784,11.79344,58.22611402310003,0.8216160340826709,57.51678296632923,59.12638929882051,1.0984105473560763,0.021683085007886876,1.080073267330145,1.1223428013032108,0.6143935479238937
C_H4,10000000,3,3,LOCAL_QUORUM,32,WRITE_HEAVY,cassandra,3,3306.747171552561,67.06186625606114,3229.9224026276684,3353.57145624465,9.6743541501936,0.19854417868872934,9.53647448755866,9.901918348696375,17.339732333333334,0.6200718115487379,16.957439,18.055167,24.832681666666666,1.9916053264493285,23.642111,27.131903,11.567705974306527,0.25435628803856264,11.37634367737607,11.85634430649364,20.414463,0.7814669938007619,19.922943,21.315583,28.906836333333334,2.3648834577605147,27.525119,31.637503,9.201015278415722,0.18477056383662474,9.076505285233303,9.413313960174918,16.22562033333333,0.5491899529646661,15.884287,16.859135,23.161513666666668,1.8493126257951442,22.085631,25.296895,485.58778461538463,2.1670569657989693,484.2492,488.088,9.012710256410257,0.020434415356610117,8.99668,9.03572,53.18115752100366,1.0919459849005955,51.96248110210754,54.070615121891194,1.4688444874968611,0.027877244073285155,1.4445082210611886,1.4992595475545925,2.0280312578168687
C_H4,10000000,3,3,LOCAL_QUORUM,32,WRITE_HEAVY,scylla,3,5789.560945014503,108.95571077516963,5663.8133941954575,5855.900554779725,5.524967748603561,0.10513955469268119,5.460947497795284,5.64631085546365,10.081620333333333,0.1515704493274773,9.986047,10.256383,13.473108333333334,0.17268093478242835,13.369343,13.672447,7.066484889892662,0.18357420189862766,6.956791438704469,7.278414388818323,12.451839,0.19159475099281847,12.337151,12.673023,15.963476333333334,0.21833383398212397,15.802367,16.211967,5.1395891290738795,0.08562795847437127,5.085121716036016,5.2382869731739135,9.057620333333332,0.10177000873210816,8.994815,9.175039,11.946665666666666,0.13318824917136363,11.829247,12.091391,441.5505333333333,2.555546636892657,439.3748,444.3648,11.803626666666666,0.005120208329095631,11.79848,11.808720000000001,65.48782267287163,0.692624880224619,64.98637942353783,66.27812304571097,0.7629016481814086,0.018783864848098814,0.7512004398699196,0.784568221218951,1.8819339119142253
