"2026-09-02T16:30:23.8734962Z","","",91,23526.31,9015.04,"cassandra-node3",108.9,2785286291,6442450944,"62.1MB / 26.5MB","402MB / 317MB"
"2026-09-02T16:30:23.8734962Z","","",91,23526.31,9015.04,"cassandra-node2",111.74,2769180164,6442450944,"69.1MB / 29.5MB","395MB / 318MB"
"2026-09-02T16:30:23.8734962Z","","",91,23526.31,9015.04,"cassandra-node1",112.33,2754147779,6442450944,"63.2MB / 27.6MB","65.5MB / 55.1MB"
"2026-09-02T16:37:02.3637285Z","","",33,17942.61,14598.75,"cassandra-scale1-node1",215.02,2637109920,6442450944,"1.75kB / 126B","142MB / 16.4MB"
"2026-09-02T16:38:05.8882083Z","BASELINE-20260902T163747Z-fa9b98c8","cassandra",57,18411.48,14129.88,"cassandra-scale1-node1",220.73,2721935524,6442450944,"2.69MB / 1.47MB","146MB / 32.3MB"
"2026-09-02T16:39:08.3843858Z","BASELINE-20260902T163747Z-fa9b98c8","cassandra",51,18490.45,14050.91,"cassandra-scale1-node1",181.14,2706903138,6442450944,"24.6MB / 9.22MB","146MB / 46.1MB"
"2026-09-02T16:40:10.9052921Z","BASELINE-20260902T163747Z-fa9b98c8","cassandra",61,18501.03,14040.32,"cassandra-scale1-node1",191.99,2702608171,6442450944,"46.3MB / 17.1MB","146MB / 59.8MB"
"2026-09-02T16:41:13.4134776Z","BASELINE-20260902T163747Z-fa9b98c8","cassandra",71,18527.23,14014.12,"cassandra-scale1-node1",187.24,2715493073,6442450944,"67.1MB / 24.6MB","146MB / 87.9MB"
"2026-09-02T16:42:16.0943466Z","BASELINE-20260902T163747Z-fa9b98c8","cassandra",68,18689.52,13851.83,"cassandra-scale1-node1",194.53,2715493073,6442450944,"88.1MB / 32.2MB","146MB / 101MB"
"2026-09-02T16:43:18.6602780Z","BASELINE-20260902T163747Z-fa9b98c8","cassandra",76,18701.11,13840.24,"cassandra-scale1-node1",191.74,2712271847,6442450944,"109MB / 39.8MB","146MB / 115MB"
"2026-09-02T16:44:21.1983095Z","BASELINE-20260902T163747Z-fa9b98c8","cassandra",43,18705.96,13835.39,"cassandra-scale1-node1",199.26,2706903138,6442450944,"130MB / 47.5MB","146MB / 142MB"
"2026-09-02T16:45:23.6460154Z","BASELINE-20260902T163747Z-fa9b98c8","cassandra",74,18714.02,13827.33,"cassandra-scale1-node1",188.59,2706903138,6442450944,"152MB / 55.4MB","146MB / 158MB"
"2026-09-02T16:46:26.1581612Z","BASELINE-20260902T163747Z-fa9b98c8","cassandra",65,18770.23,13771.12,"cassandra-scale1-node1",191.18,2717640557,6442450944,"173MB / 63MB","146MB / 172MB"
"2026-09-02T16:47:28.6817867Z","EXP-20260902T164658Z-393fcb49","cassandra",4,18768.51,13772.84,"cassandra-scale1-node1",5.36,2713345589,6442450944,"186MB / 67.6MB","146MB / 181MB"
"2026-09-02T16:48:31.1989568Z","EXP-20260902T164658Z-393fcb49","cassandra",13,18711.46,13829.89,"cassandra-scale1-node1",5.68,2717640557,6442450944,"188MB / 68.5MB","146MB / 182MB"
"2026-09-02T16:49:33.5796622Z","EXP-20260902T164658Z-393fcb49","cassandra",31,18712.6,13828.75,"cassandra-scale1-node1",50.1,2717640557,6442450944,"189MB / 69MB","146MB / 184MB"
"2026-09-02T16:50:36.1748436Z","EXP-20260902T164658Z-393fcb49","cassandra",7,18811,13730.35,"cassandra-scale1-node1",5.8,2716566815,6442450944,"190MB / 69.4MB","146MB / 185MB"
"2026-09-02T16:51:38.5943270Z","EXP-20260902T164658Z-393fcb49","cassandra",12,18808.88,13732.47,"cassandra-scale1-node1",4.49,2711198106,6442450944,"192MB / 70.3MB","146MB / 187MB"
"2026-09-02T16:52:40.9944945Z","EXP-20260902T164658Z-393fcb49","cassandra",7,18848.85,13692.5,"cassandra-scale1-node1",5.92,2711198106,6442450944,"195MB / 71.2MB","146MB / 190MB"
"2026-09-02T16:53:43.4281141Z","EXP-20260902T164658Z-393fcb49","cassandra",9,18759.23,13782.12,"cassandra-scale1-node1",5.82,2711198106,6442450944,"199MB / 72.2MB","146MB / 193MB"
"2026-09-02T16:54:46.4768147Z","EXP-20260902T164658Z-393fcb49","cassandra",7,18762.34,13779.02,"cassandra-scale1-node1",5.79,2711198106,6442450944,"202MB / 73.1MB","146MB / 197MB"
"2026-09-02T16:55:48.9755550Z","EXP-20260902T164658Z-393fcb49","cassandra",5,18757.14,13784.21,"cassandra-scale1-node1",5.61,2711198106,6442450944,"205MB / 74MB","146MB / 200MB"
"2026-09-02T16:56:51.4459535Z","EXP-20260902T164658Z-393fcb49","cassandra",4,18765.93,13775.43,"cassandra-scale1-node1",5.75,2728377975,6442450944,"207MB / 75.4MB","146MB / 200MB"
"2026-09-02T16:57:53.8400570Z","EXP-20260902T164658Z-393fcb49","cassandra",1,18761.08,13780.27,"cassandra-scale1-node1",5.35,2743410360,6442450944,"208MB / 76.8MB","146MB / 201MB"
"2026-09-02T16:58:56.6792189Z","EXP-20260902T164658Z-393fcb49","cassandra",7,18751.54,13789.82,"cassandra-scale1-node1",6.12,2733746684,6442450944,"210MB / 78.2MB","146MB / 201MB"
"2026-09-02T16:59:59.1307724Z","EXP-20260902T164658Z-393fcb49","cassandra",10,18829.38,13711.97,"cassandra-scale1-node1",4.31,2735894168,6442450944,"211MB / 79.5MB","146MB / 201MB"
"2026-09-02T17:01:01.5851556Z","EXP-20260902T164658Z-393fcb49","cassandra",53,18872.27,13669.08,"cassandra-scale1-node1",214.86,2742336618,6442450944,"212MB / 80.9MB","146MB / 201MB"
"2026-09-02T17:02:04.0175886Z","EXP-20260902T164658Z-393fcb49","cassandra",54,18849.06,13692.29,"cassandra-scale1-node1",210.48,2748779069,6442450944,"213MB / 81.6MB","146MB / 201MB"
"2026-09-02T17:03:06.9190036Z","EXP-20260902T164658Z-393fcb49","cassandra",4,18756.53,13784.82,"cassandra-scale1-node1",5.56,2729451717,6442450944,"213MB / 82.2MB","146MB / 201MB"
"2026-09-02T17:04:09.3493534Z","EXP-20260902T164658Z-393fcb49","cassandra",12,18745.8,13795.55,"cassandra-scale1-node1",5.15,2730525458,6442450944,"215MB / 83.5MB","146MB / 201MB"
"2026-09-02T17:05:11.8053189Z","EXP-20260902T164658Z-393fcb49","cassandra",3,18753.53,13787.82,"cassandra-scale1-node1",5.69,2728377975,6442450944,"216MB / 84.8MB","146MB / 201MB"
"2026-09-02T17:06:14.2362532Z","EXP-20260902T164658Z-393fcb49","cassandra",7,18752.18,13789.17,"cassandra-scale1-node1",5.29,2749852811,6442450944,"217MB / 157MB","146MB / 201MB"
"2026-09-02T17:07:17.1504707Z","EXP-20260902T164658Z-393fcb49","cassandra",2,18751.59,13789.77,"cassandra-scale1-node1",6.19,2747705328,6442450944,"218MB / 230MB","146MB / 201MB"
"2026-09-02T17:08:19.6179740Z","EXP-20260902T164658Z-393fcb49","cassandra",5,18764.18,13777.17,"cassandra-scale1-node1",5.1,2747705328,6442450944,"219MB / 302MB","146MB / 201MB"
"2026-09-02T17:09:22.0070096Z","EXP-20260902T164658Z-393fcb49","cassandra",5,18744.59,13796.76,"cassandra-scale1-node1",5.77,2742336618,6442450944,"221MB / 375MB","146MB / 201MB"
"2026-09-02T17:10:24.4931839Z","EXP-20260902T164658Z-393fcb49","cassandra",3,18758.34,13783.01,"cassandra-scale1-node1",5.55,2753074037,6442450944,"222MB / 376MB","146MB / 201MB"
"2026-09-02T17:11:27.3888800Z","EXP-20260902T164658Z-393fcb49","cassandra",1,18778.41,13762.95,"cassandra-scale1-node1",5.4,2753074037,6442450944,"223MB / 377MB","146MB / 201MB"
"2026-09-02T17:12:29.8545116Z","EXP-20260902T164658Z-393fcb49","cassandra",1,18801.91,13739.45,"cassandra-scale1-node1",5.25,2741262877,6442450944,"225MB / 379MB","146MB / 201MB"
"2026-09-02T17:13:32.3155763Z","EXP-20260902T164658Z-393fcb49","cassandra",4,18780.48,13760.87,"cassandra-scale1-node1",6.45,2741262877,6442450944,"226MB / 380MB","146MB / 201MB"
"2026-09-02T17:14:34.7252485Z","EXP-20260902T164658Z-393fcb49","cassandra",10,18791.52,13749.83,"cassandra-scale1-node1",5.34,2743410360,6442450944,"228MB / 381MB","146MB / 203MB"
"2026-09-02T17:15:37.5817746Z","EXP-20260902T164658Z-393fcb49","cassandra",11,18795.5,13745.86,"cassandra-scale1-node1",5.49,2743410360,6442450944,"229MB / 381MB","146MB / 205MB"
"2026-09-02T17:16:39.9590964Z","EXP-20260902T164658Z-393fcb49","cassandra",2,18801.47,13739.88,"cassandra-scale1-node1",5.34,2755221520,6442450944,"231MB / 382MB","146MB / 207MB"
"2026-09-02T17:17:42.3731452Z","EXP-20260902T164658Z-393fcb49","cassandra",2,18811.45,13729.9,"cassandra-scale1-node1",5.58,2744484102,6442450944,"232MB / 383MB","146MB / 208MB"
"2026-09-02T17:18:44.8701448Z","EXP-20260902T164658Z-393fcb49","cassandra",7,18878.77,13662.58,"cassandra-scale1-node1",4.71,2744484102,6442450944,"234MB / 384MB","146MB / 210MB"
"2026-09-02T17:19:47.7758849Z","EXP-20260902T164658Z-393fcb49","cassandra",3,18868,13673.35,"cassandra-scale1-node1",5.52,2748779069,6442450944,"236MB / 385MB","146MB / 211MB"
"2026-09-02T17:20:50.1868653Z","EXP-20260902T164658Z-393fcb49","cassandra",12,18864.86,13676.49,"cassandra-scale1-node1",5.61,2745557844,6442450944,"237MB / 385MB","146MB / 212MB"
"2026-09-02T17:21:52.6434323Z","EXP-20260902T164658Z-393fcb49","cassandra",14,18876.85,13664.5,"cassandra-scale1-node1",5.82,2745557844,6442450944,"239MB / 386MB","146MB / 213MB"
"2026-09-02T17:22:55.1301478Z","EXP-20260902T164658Z-393fcb49","cassandra",13,18904.08,13637.27,"cassandra-scale1-node1",5.13,2746631586,6442450944,"240MB / 388MB","146MB / 214MB"
"2026-09-02T17:23:58.0377802Z","EXP-20260902T164658Z-393fcb49","cassandra",2,18865.2,13676.15,"cassandra-scale1-node1",5.56,2746631586,6442450944,"241MB / 389MB","146MB / 214MB"
"2026-09-02T17:25:00.5260718Z","EXP-20260902T164658Z-393fcb49","cassandra",4,18878.28,13663.07,"cassandra-scale1-node1",5.4,2745557844,6442450944,"243MB / 390MB","146MB / 215MB"
"2026-09-02T17:26:02.9797302Z","EXP-20260902T164658Z-393fcb49","cassandra",7,18888.59,13652.76,"cassandra-scale1-node1",5.89,2757369004,6442450944,"244MB / 391MB","146MB / 215MB"
"2026-09-02T17:27:05.3167046Z","EXP-20260902T164658Z-393fcb49","cassandra",21,18874.35,13667,"cassandra-scale1-node1",41.37,2746631586,6442450944,"245MB / 391MB","146MB / 215MB"
"2026-09-02T17:28:08.1758844Z","EXP-20260902T164658Z-393fcb49","cassandra",3,18869.08,13672.27,"cassandra-scale1-node1",5.34,2745557844,6442450944,"251MB / 394MB","146MB / 219MB"
"2026-09-02T17:29:10.5310122Z","","",25,18411.3,14130.05,"scylla-scale1-node1",57.98,51464110,6442450944,"1.53kB / 126B","109MB / 4.1kB"
"2026-09-02T17:30:12.8880350Z","BASELINE-20260902T172953Z-8ecb6ab8","scylla",48,17688.01,14853.34,"scylla-scale1-node1",33.05,1579474223,6442450944,"11.5MB / 4.19MB","626MB / 369MB"
"2026-09-02T17:31:15.2698794Z","BASELINE-20260902T172953Z-8ecb6ab8","scylla",52,17887.82,14653.54,"scylla-scale1-node1",34.38,1766305300,6442450944,"43.1MB / 14.5MB","626MB / 437MB"
"2026-09-02T17:32:17.6459805Z","BASELINE-20260902T172953Z-8ecb6ab8","scylla",38,18057.34,14484.02,"scylla-scale1-node1",32.88,1949915152,6442450944,"73.7MB / 24.6MB","626MB / 502MB"
"2026-09-02T17:33:20.0112258Z","BASELINE-20260902T172953Z-8ecb6ab8","scylla",51,18253.09,14288.27,"scylla-scale1-node1",34.06,2132451262,6442450944,"104MB / 34.8MB","626MB / 567MB"
"2026-09-02T17:34:23.2520442Z","BASELINE-20260902T172953Z-8ecb6ab8","scylla",37,18522.22,14019.13,"scylla-scale1-node1",36.75,2451352584,6442450944,"134MB / 44.8MB","627MB / 639MB"
"2026-09-02T17:35:25.6808291Z","EXP-20260902T173503Z-8d9fc4fd","scylla",5,18761.75,13779.61,"scylla-scale1-node1",2.25,2700460687,6442450944,"155MB / 52MB","628MB / 691MB"
"2026-09-02T17:36:28.1094481Z","EXP-20260902T173503Z-8d9fc4fd","scylla",9,18781.5,13759.85,"scylla-scale1-node1",1.99,2706903138,6442450944,"157MB / 52.8MB","629MB / 698MB"
"2026-09-02T17:37:30.4645634Z","EXP-20260902T173503Z-8d9fc4fd","scylla",19,18820.16,13721.2,"scylla-scale1-node1",21.82,2709050622,6442450944,"158MB / 53.3MB","631MB / 704MB"
"2026-09-02T17:38:33.4283193Z","EXP-20260902T173503Z-8d9fc4fd","scylla",1,18867.41,13673.94,"scylla-scale1-node1",3.04,2709050622,6442450944,"159MB / 53.6MB","631MB / 706MB"
"2026-09-02T17:39:35.8616496Z","EXP-20260902T173503Z-8d9fc4fd","scylla",6,18872.05,13669.3,"scylla-scale1-node1",2.08,2710124364,6442450944,"161MB / 54.4MB","633MB / 713MB"
"2026-09-02T17:40:38.2664758Z","EXP-20260902T173503Z-8d9fc4fd","scylla",3,18942.14,13599.21,"scylla-scale1-node1",2.13,2717640557,6442450944,"164MB / 55MB","635MB / 724MB"
"2026-09-02T17:41:40.7010268Z","EXP-20260902T173503Z-8d9fc4fd","scylla",8,18916.12,13625.23,"scylla-scale1-node1",3.07,2725156749,6442450944,"166MB / 55.6MB","637MB / 734MB"
"2026-09-02T17:42:43.7066820Z","EXP-20260902T173503Z-8d9fc4fd","scylla",2,18941.36,13599.99,"scylla-scale1-node1",3.16,2730525458,6442450944,"169MB / 56.2MB","639MB / 745MB"
"2026-09-02T17:43:46.1360982Z","EXP-20260902T173503Z-8d9fc4fd","scylla",6,18913.48,13627.88,"scylla-scale1-node1",1.97,2735894168,6442450944,"171MB / 56.8MB","640MB / 756MB"
"2026-09-02T17:44:48.5554669Z","EXP-20260902T173503Z-8d9fc4fd","scylla",1,18885.84,13655.52,"scylla-scale1-node1",2.47,2736967909,6442450944,"172MB / 58MB","641MB / 756MB"
"2026-09-02T17:45:50.9947282Z","EXP-20260902T173503Z-8d9fc4fd","scylla",7,17160.61,15380.74,"scylla-scale1-node1",2.47,2721935524,6442450944,"174MB / 59.2MB","641MB / 756MB"
"2026-09-02T17:46:53.8635131Z","EXP-20260902T173503Z-8d9fc4fd","scylla",5,17158.07,15383.28,"scylla-scale1-node1",2.68,2721935524,6442450944,"175MB / 60.3MB","641MB / 756MB"
"2026-09-02T17:47:56.2584953Z","EXP-20260902T173503Z-8d9fc4fd","scylla",1,17142.91,15398.44,"scylla-scale1-node1",2.78,2720861782,6442450944,"176MB / 61.5MB","641MB / 756MB"
"2026-09-02T17:48:58.7243950Z","EXP-20260902T173503Z-8d9fc4fd","scylla",12,17205.99,15335.36,"scylla-scale1-node1",2.35,2721935524,6442450944,"177MB / 62.6MB","641MB / 756MB"
"2026-09-02T17:50:01.1844275Z","EXP-20260902T173503Z-8d9fc4fd","scylla",8,17199.59,15341.76,"scylla-scale1-node1",57.13,2723009266,6442450944,"178MB / 64.2MB","641MB / 756MB"
"2026-09-02T17:51:04.1454753Z","EXP-20260902T173503Z-8d9fc4fd","scylla",33,17201.16,15340.2,"scylla-scale1-node1",54.92,2723009266,6442450944,"179MB / 66.1MB","641MB / 756MB"
"2026-09-02T17:52:06.5160989Z","EXP-20260902T173503Z-8d9fc4fd","scylla",65,17192.84,15348.51,"scylla-scale1-node1",51.66,2721935524,6442450944,"180MB / 139MB","641MB / 756MB"
"2026-09-02T17:53:08.8995272Z","EXP-20260902T173503Z-8d9fc4fd","scylla",62,17163.9,15377.45,"scylla-scale1-node1",49.97,2721935524,6442450944,"181MB / 211MB","641MB / 756MB"
"2026-09-02T17:54:11.2603220Z","EXP-20260902T173503Z-8d9fc4fd","scylla",65,17175.61,15365.74,"scylla-scale1-node1",2.63,2721935524,6442450944,"182MB / 284MB","641MB / 756MB"
"2026-09-02T17:55:14.2765873Z","EXP-20260902T173503Z-8d9fc4fd","scylla",49,17186.42,15354.93,"scylla-scale1-node1",3.67,2720861782,6442450944,"183MB / 357MB","641MB / 756MB"
"2026-09-02T17:56:16.7000956Z","EXP-20260902T173503Z-8d9fc4fd","scylla",5,17168.76,15372.59,"scylla-scale1-node1",3.38,2721935524,6442450944,"184MB / 358MB","641MB / 756MB"
"2026-09-02T17:57:19.1051801Z","EXP-20260902T173503Z-8d9fc4fd","scylla",0,17179.69,15361.66,"scylla-scale1-node1",2.59,2721935524,6442450944,"185MB / 359MB","641MB / 756MB"
"2026-09-02T17:58:21.4948518Z","EXP-20260902T173503Z-8d9fc4fd","scylla",12,17181.32,15360.03,"scylla-scale1-node1",2.71,2721935524,6442450944,"187MB / 360MB","641MB / 756MB"
"2026-09-02T17:59:24.6042042Z","EXP-20260902T173503Z-8d9fc4fd","scylla",7,17225.98,15315.37,"scylla-scale1-node1",3.73,2721935524,6442450944,"188MB / 361MB","641MB / 756MB"
"2026-09-02T18:00:27.0548418Z","EXP-20260902T173503Z-8d9fc4fd","scylla",3,17194.62,15346.73,"scylla-scale1-node1",3.12,2730525458,6442450944,"189MB / 362MB","644MB / 763MB"
"2026-09-02T18:01:29.4492584Z","EXP-20260902T173503Z-8d9fc4fd","scylla",1,17234.19,15307.16,"scylla-scale1-node1",2.19,2731599200,6442450944,"190MB / 362MB","647MB / 771MB"
"2026-09-02T18:02:31.8612063Z","EXP-20260902T173503Z-8d9fc4fd","scylla",14,17246.63,15294.72,"scylla-scale1-node1",2.79,2731599200,6442450944,"191MB / 363MB","649MB / 778MB"
"2026-09-02T18:03:34.8530592Z","EXP-20260902T173503Z-8d9fc4fd","scylla",10,17267.64,15273.71,"scylla-scale1-node1",3.59,2732672942,6442450944,"193MB / 363MB","650MB / 784MB"
"2026-09-02T18:04:37.2582059Z","EXP-20260902T173503Z-8d9fc4fd","scylla",3,17242.9,15298.45,"scylla-scale1-node1",3.37,2732672942,6442450944,"194MB / 364MB","652MB / 790MB"
"2026-09-02T18:05:39.6753553Z","EXP-20260902T173503Z-8d9fc4fd","scylla",6,17198.82,15342.54,"scylla-scale1-node1",2.41,2733746684,6442450944,"195MB / 365MB","654MB / 796MB"
"2026-09-02T18:06:42.1020799Z","EXP-20260902T173503Z-8d9fc4fd","scylla",7,17214.94,15326.41,"scylla-scale1-node1",2.64,2733746684,6442450944,"196MB / 366MB","656MB / 801MB"
"2026-09-02T18:07:45.0826903Z","EXP-20260902T173503Z-8d9fc4fd","scylla",5,17219.57,15321.78,"scylla-scale1-node1",3.5,2734820426,6442450944,"198MB / 366MB","657MB / 806MB"
"2026-09-02T18:08:47.5347216Z","EXP-20260902T173503Z-8d9fc4fd","scylla",10,17218.36,15322.99,"scylla-scale1-node1",2.45,2734820426,6442450944,"199MB / 367MB","659MB / 811MB"
"2026-09-02T18:09:49.9228694Z","EXP-20260902T173503Z-8d9fc4fd","scylla",7,17323.89,15217.46,"scylla-scale1-node1",2.91,2735894168,6442450944,"200MB / 368MB","661MB / 815MB"
"2026-09-02T18:10:52.3510625Z","EXP-20260902T173503Z-8d9fc4fd","scylla",7,17280.72,15260.63,"scylla-scale1-node1",3.55,2735894168,6442450944,"201MB / 369MB","663MB / 820MB"
"2026-09-02T18:11:55.3025625Z","EXP-20260902T173503Z-8d9fc4fd","scylla",5,17262.18,15279.18,"scylla-scale1-node1",3.74,2736967909,6442450944,"202MB / 370MB","666MB / 825MB"
"2026-09-02T18:12:57.6553559Z","EXP-20260902T173503Z-8d9fc4fd","scylla",13,17221.69,15319.66,"scylla-scale1-node1",12.39,2736967909,6442450944,"204MB / 371MB","667MB / 832MB"
"2026-09-02T18:14:00.0188590Z","EXP-20260902T173503Z-8d9fc4fd","scylla",7,17270.39,15270.96,"scylla-scale1-node1",2.34,2749852811,6442450944,"207MB / 373MB","667MB / 839MB"
"2026-09-02T18:15:02.4847169Z","","",93,21924.03,10617.32,"cassandra-node3",206.63,2712271847,6442450944,"1.78kB / 126B","84.7MB / 15.2MB"
"2026-09-02T18:15:02.4847169Z","","",93,21924.03,10617.32,"cassandra-node2",202.48,2686502044,6442450944,"1.74kB / 126B","55.2MB / 15.2MB"
"2026-09-02T18:15:02.4847169Z","","",93,21924.03,10617.32,"cassandra-node1",209.3,2674690884,6442450944,"2kB / 126B","66MB / 15.2MB"
"2026-09-02T18:16:06.0235545Z","","",8,22088.23,10453.12,"cassandra-node3",6.58,2759516488,6442450944,"38.4kB / 42.4kB","116MB / 29.2MB"
"2026-09-02T18:16:06.0235545Z","","",8,22088.23,10453.12,"cassandra-node2",14.49,2744484102,6442450944,"53.2kB / 53.2kB","92.5MB / 30.7MB"
"2026-09-02T18:16:06.0235545Z","","",8,22088.23,10453.12,"cassandra-node1",18.85,2740189135,6442450944,"96kB / 86.7kB","101MB / 29.7MB"
"2026-09-02T18:17:09.4381903Z","","",34,22695.99,9845.36,"cassandra-node3",34.94,2767032680,6442450944,"132kB / 141kB","116MB / 29.6MB"
"2026-09-02T18:17:09.4381903Z","","",34,22695.99,9845.36,"cassandra-node2",9.04,2753074037,6442450944,"153kB / 156kB","92.8MB / 31.1MB"
"2026-09-02T18:17:09.4381903Z","","",34,22695.99,9845.36,"cassandra-node1",53.25,2754147779,6442450944,"239kB / 345kB","102MB / 30.3MB"
"2026-09-02T18:18:12.6842439Z","BASELINE-20260902T181716Z-86e80171","cassandra",91,22751.62,9789.73,"cassandra-node3",159.43,2772401390,6442450944,"13.3MB / 10.8MB","116MB / 33.1MB"
"2026-09-02T18:18:12.6842439Z","BASELINE-20260902T181716Z-86e80171","cassandra",91,22751.62,9789.73,"cassandra-node2",103.5,2754147779,6442450944,"13.3MB / 10.1MB","92.8MB / 35MB"
"2026-09-02T18:18:12.6842439Z","BASELINE-20260902T181716Z-86e80171","cassandra",91,22751.62,9789.73,"cassandra-node1",103.47,2764885197,6442450944,"5.01MB / 2.97MB","102MB / 33.7MB"
"2026-09-02T18:19:16.4067936Z","BASELINE-20260902T181716Z-86e80171","cassandra",86,22755.5,9785.86,"cassandra-node3",137.55,2771327648,6442450944,"29.5MB / 24.1MB","116MB / 36.2MB"
"2026-09-02T18:19:16.4067936Z","BASELINE-20260902T181716Z-86e80171","cassandra",86,22755.5,9785.86,"cassandra-node2",124.2,2749852811,6442450944,"29.3MB / 22.2MB","92.8MB / 38.4MB"
"2026-09-02T18:19:16.4067936Z","BASELINE-20260902T181716Z-86e80171","cassandra",86,22755.5,9785.86,"cassandra-node1",100.28,2752000295,6442450944,"11MB / 5.58MB","102MB / 37.3MB"
"2026-09-02T18:20:20.0689186Z","BASELINE-20260902T181716Z-86e80171","cassandra",90,22754.6,9786.75,"cassandra-node3",135.82,2771327648,6442450944,"45.6MB / 37.1MB","116MB / 39.2MB"
"2026-09-02T18:20:20.0689186Z","BASELINE-20260902T181716Z-86e80171","cassandra",90,22754.6,9786.75,"cassandra-node2",129.88,2749852811,6442450944,"45.6MB / 34.5MB","92.8MB / 41.8MB"
"2026-09-02T18:20:20.0689186Z","BASELINE-20260902T181716Z-86e80171","cassandra",90,22754.6,9786.75,"cassandra-node1",101.07,2752000295,6442450944,"16.8MB / 8.12MB","102MB / 40.3MB"
"2026-09-02T18:21:22.9899354Z","BASELINE-20260902T181716Z-86e80171","cassandra",90,22748.34,9793.01,"cassandra-node3",138.67,2770253906,6442450944,"61.4MB / 49.9MB","116MB / 42.5MB"
"2026-09-02T18:21:22.9899354Z","BASELINE-20260902T181716Z-86e80171","cassandra",90,22748.34,9793.01,"cassandra-node2",135.08,2748779069,6442450944,"61.6MB / 46.7MB","92.8MB / 45.9MB"
"2026-09-02T18:21:22.9899354Z","BASELINE-20260902T181716Z-86e80171","cassandra",90,22748.34,9793.01,"cassandra-node1",101.89,2756295262,6442450944,"22.6MB / 10.6MB","102MB / 43.6MB"
"2026-09-02T18:22:26.6441932Z","BASELINE-20260902T181716Z-86e80171","cassandra",100,22854.35,9687,"cassandra-node3",141.5,2789581259,6442450944,"77.3MB / 62.9MB","116MB / 46MB"
"2026-09-02T18:22:26.6441932Z","BASELINE-20260902T181716Z-86e80171","cassandra",100,22854.35,9687,"cassandra-node2",139.26,2758442746,6442450944,"77.2MB / 58.5MB","92.8MB / 49.2MB"
"2026-09-02T18:22:26.6441932Z","BASELINE-20260902T181716Z-86e80171","cassandra",100,22854.35,9687,"cassandra-node1",92.53,2756295262,6442450944,"28.3MB / 13.1MB","102MB / 47.2MB"
"2026-09-02T18:23:30.3736396Z","BASELINE-20260902T181716Z-86e80171","cassandra",91,22915.6,9625.75,"cassandra-node3",139.86,2774548873,6442450944,"92.3MB / 75.1MB","116MB / 49.1MB"
"2026-09-02T18:23:30.3736396Z","BASELINE-20260902T181716Z-86e80171","cassandra",91,22915.6,9625.75,"cassandra-node2",136.49,2759516488,6442450944,"92.2MB / 69.9MB","92.8MB / 52.6MB"
"2026-09-02T18:23:30.3736396Z","BASELINE-20260902T181716Z-86e80171","cassandra",91,22915.6,9625.75,"cassandra-node1",95.98,2752000295,6442450944,"33.8MB / 15.5MB","102MB / 50MB"
"2026-09-02T18:24:33.1075483Z","BASELINE-20260902T181716Z-86e80171","cassandra",88,22923.18,9618.17,"cassandra-node3",141.36,2771327648,6442450944,"108MB / 87.7MB","116MB / 52.1MB"
"2026-09-02T18:24:33.1075483Z","BASELINE-20260902T181716Z-86e80171","cassandra",88,22923.18,9618.17,"cassandra-node2",138.55,2759516488,6442450944,"108MB / 81.8MB","92.8MB / 56.2MB"
"2026-09-02T18:24:33.1075483Z","BASELINE-20260902T181716Z-86e80171","cassandra",88,22923.18,9618.17,"cassandra-node1",95.95,2752000295,6442450944,"39.6MB / 18MB","102MB / 53MB"
"2026-09-02T18:25:36.7460711Z","BASELINE-20260902T181716Z-86e80171","cassandra",79,22882.12,9659.23,"cassandra-node3",139.08,2771327648,6442450944,"124MB / 101MB","116MB / 55.3MB"
"2026-09-02T18:25:36.7460711Z","BASELINE-20260902T181716Z-86e80171","cassandra",79,22882.12,9659.23,"cassandra-node2",136.65,2750926553,6442450944,"124MB / 93.9MB","92.8MB / 59.6MB"
"2026-09-02T18:25:36.7460711Z","BASELINE-20260902T181716Z-86e80171","cassandra",79,22882.12,9659.23,"cassandra-node1",92.65,2752000295,6442450944,"45.3MB / 20.5MB","102MB / 56.6MB"
"2026-09-02T18:26:40.4277420Z","BASELINE-20260902T181716Z-86e80171","cassandra",94,22901.4,9639.95,"cassandra-node3",138.21,2775622615,6442450944,"140MB / 114MB","116MB / 58.4MB"
"2026-09-02T18:26:40.4277420Z","BASELINE-20260902T181716Z-86e80171","cassandra",94,22901.4,9639.95,"cassandra-node2",132.48,2749852811,6442450944,"140MB / 106MB","92.8MB / 63.1MB"
"2026-09-02T18:26:40.4277420Z","BASELINE-20260902T181716Z-86e80171","cassandra",94,22901.4,9639.95,"cassandra-node1",103.1,2752000295,6442450944,"51.1MB / 23.1MB","102MB / 60.1MB"
"2026-09-02T18:27:43.2514108Z","BASELINE-20260902T181716Z-86e80171","cassandra",90,22888.52,9652.83,"cassandra-node3",136.45,2772401390,6442450944,"156MB / 127MB","116MB / 61.4MB"
"2026-09-02T18:27:43.2514108Z","BASELINE-20260902T181716Z-86e80171","cassandra",90,22888.52,9652.83,"cassandra-node2",133.07,2749852811,6442450944,"156MB / 118MB","92.8MB / 66.7MB"
"2026-09-02T18:27:43.2514108Z","BASELINE-20260902T181716Z-86e80171","cassandra",90,22888.52,9652.83,"cassandra-node1",98.14,2752000295,6442450944,"57MB / 25.7MB","102MB / 63.1MB"
"2026-09-02T18:28:46.9018229Z","BASELINE-20260902T181716Z-86e80171","cassandra",88,22932.46,9608.89,"cassandra-node3",137.93,2771327648,6442450944,"172MB / 140MB","116MB / 65MB"
"2026-09-02T18:28:46.9018229Z","BASELINE-20260902T181716Z-86e80171","cassandra",88,22932.46,9608.89,"cassandra-node2",127.45,2756295262,6442450944,"171MB / 130MB","92.8MB / 70.3MB"
"2026-09-02T18:28:46.9018229Z","BASELINE-20260902T181716Z-86e80171","cassandra",88,22932.46,9608.89,"cassandra-node1",100.5,2752000295,6442450944,"62.6MB / 28.1MB","102MB / 66.1MB"
"2026-09-02T18:29:50.5703404Z","BASELINE-20260902T181716Z-86e80171","cassandra",88,22987.41,9553.94,"cassandra-node3",142.75,2772401390,6442450944,"187MB / 152MB","116MB / 68MB"
"2026-09-02T18:29:50.5703404Z","BASELINE-20260902T181716Z-86e80171","cassandra",88,22987.41,9553.94,"cassandra-node2",138.18,2750926553,6442450944,"187MB / 142MB","92.8MB / 73.8MB"
"2026-09-02T18:29:50.5703404Z","BASELINE-20260902T181716Z-86e80171","cassandra",88,22987.41,9553.94,"cassandra-node1",100.12,2752000295,6442450944,"68.4MB / 30.6MB","102MB / 69.2MB"
"2026-09-02T18:30:53.2872527Z","EXP-20260902T183034Z-b015f896","cassandra",65,22982.16,9559.19,"cassandra-node3",53.61,2775622615,6442450944,"200MB / 162MB","116MB / 70.6MB"
"2026-09-02T18:30:53.2872527Z","EXP-20260902T183034Z-b015f896","cassandra",65,22982.16,9559.19,"cassandra-node2",54.25,2759516488,6442450944,"199MB / 151MB","92.8MB / 90.2MB"
"2026-09-02T18:30:53.2872527Z","EXP-20260902T183034Z-b015f896","cassandra",65,22982.16,9559.19,"cassandra-node1",47.57,2753074037,6442450944,"72.7MB / 32.5MB","102MB / 72.1MB"
"2026-09-02T18:31:56.7914541Z","EXP-20260902T183034Z-b015f896","cassandra",37,22987.7,9553.66,"cassandra-node3",3.33,2775622615,6442450944,"200MB / 163MB","116MB / 71.2MB"
"2026-09-02T18:31:56.7914541Z","EXP-20260902T183034Z-b015f896","cassandra",37,22987.7,9553.66,"cassandra-node2",3.34,2759516488,6442450944,"200MB / 152MB","92.8MB / 90.9MB"
"2026-09-02T18:31:56.7914541Z","EXP-20260902T183034Z-b015f896","cassandra",37,22987.7,9553.66,"cassandra-node1",2.92,2753074037,6442450944,"73MB / 32.7MB","102MB / 72.4MB"
"2026-09-02T18:33:00.1960623Z","EXP-20260902T183034Z-b015f896","cassandra",20,23033.02,9508.34,"cassandra-node3",5.36,2780991324,6442450944,"202MB / 165MB","116MB / 71.9MB"
"2026-09-02T18:33:00.1960623Z","EXP-20260902T183034Z-b015f896","cassandra",20,23033.02,9508.34,"cassandra-node2",5.43,2752000295,6442450944,"202MB / 153MB","92.8MB / 91.7MB"
"2026-09-02T18:33:00.1960623Z","EXP-20260902T183034Z-b015f896","cassandra",20,23033.02,9508.34,"cassandra-node1",5.54,2753074037,6442450944,"73.9MB / 33.1MB","102MB / 73.1MB"
"2026-09-02T18:34:03.2485974Z","EXP-20260902T183034Z-b015f896","cassandra",10,23006.29,9535.06,"cassandra-node3",8.17,2773475131,6442450944,"205MB / 167MB","116MB / 72.7MB"
"2026-09-02T18:34:03.2485974Z","EXP-20260902T183034Z-b015f896","cassandra",10,23006.29,9535.06,"cassandra-node2",5.08,2752000295,6442450944,"204MB / 155MB","92.8MB / 92.5MB"
"2026-09-02T18:34:03.2485974Z","EXP-20260902T183034Z-b015f896","cassandra",10,23006.29,9535.06,"cassandra-node1",5.22,2758442746,6442450944,"74.7MB / 33.6MB","102MB / 73.9MB"
"2026-09-02T18:35:06.6471064Z","EXP-20260902T183034Z-b015f896","cassandra",57,22977.15,9564.2,"cassandra-node3",51.69,2774548873,6442450944,"207MB / 168MB","116MB / 73.4MB"
"2026-09-02T18:35:06.6471064Z","EXP-20260902T183034Z-b015f896","cassandra",57,22977.15,9564.2,"cassandra-node2",48.97,2753074037,6442450944,"206MB / 157MB","92.8MB / 93MB"
"2026-09-02T18:35:06.6471064Z","EXP-20260902T183034Z-b015f896","cassandra",57,22977.15,9564.2,"cassandra-node1",43.99,2758442746,6442450944,"75.4MB / 33.9MB","102MB / 74.5MB"
"2026-09-02T18:36:10.1065607Z","EXP-20260902T183034Z-b015f896","cassandra",11,22995.5,9545.85,"cassandra-node3",6.34,2772401390,6442450944,"207MB / 168MB","116MB / 73.6MB"
"2026-09-02T18:36:10.1065607Z","EXP-20260902T183034Z-b015f896","cassandra",11,22995.5,9545.85,"cassandra-node2",6.13,2752000295,6442450944,"207MB / 157MB","92.8MB / 93.5MB"
"2026-09-02T18:36:10.1065607Z","EXP-20260902T183034Z-b015f896","cassandra",11,22995.5,9545.85,"cassandra-node1",6.59,2757369004,6442450944,"75.6MB / 34.1MB","102MB / 74.8MB"
"2026-09-02T18:37:13.3985482Z","EXP-20260902T183034Z-b015f896","cassandra",7,22982.27,9559.08,"cassandra-node3",6.01,2772401390,6442450944,"210MB / 171MB","116MB / 74.7MB"
"2026-09-02T18:37:13.3985482Z","EXP-20260902T183034Z-b015f896","cassandra",7,22982.27,9559.08,"cassandra-node2",5.93,2752000295,6442450944,"210MB / 159MB","92.8MB / 94.7MB"
"2026-09-02T18:37:13.3985482Z","EXP-20260902T183034Z-b015f896","cassandra",7,22982.27,9559.08,"cassandra-node1",5.81,2756295262,6442450944,"77.1MB / 34.7MB","102MB / 75.9MB"
"2026-09-02T18:38:16.8368089Z","EXP-20260902T183034Z-b015f896","cassandra",15,23004.79,9536.57,"cassandra-node3",5.95,2783138808,6442450944,"213MB / 174MB","116MB / 75.9MB"
"2026-09-02T18:38:16.8368089Z","EXP-20260902T183034Z-b015f896","cassandra",15,23004.79,9536.57,"cassandra-node2",6.05,2752000295,6442450944,"213MB / 161MB","92.8MB / 96MB"
"2026-09-02T18:38:16.8368089Z","EXP-20260902T183034Z-b015f896","cassandra",15,23004.79,9536.57,"cassandra-node1",6.11,2755221520,6442450944,"78.6MB / 35.4MB","102MB / 77.2MB"
"2026-09-02T18:39:20.3094228Z","EXP-20260902T183034Z-b015f896","cassandra",6,22995.31,9546.04,"cassandra-node3",4.82,2783138808,6442450944,"217MB / 176MB","116MB / 77.1MB"
"2026-09-02T18:39:20.3094228Z","EXP-20260902T183034Z-b015f896","cassandra",6,22995.31,9546.04,"cassandra-node2",4.7,2753074037,6442450944,"217MB / 164MB","92.8MB / 97.4MB"
"2026-09-02T18:39:20.3094228Z","EXP-20260902T183034Z-b015f896","cassandra",6,22995.31,9546.04,"cassandra-node1",5.39,2756295262,6442450944,"80MB / 36MB","102MB / 78.4MB"
"2026-09-02T18:40:23.5562694Z","EXP-20260902T183034Z-b015f896","cassandra",16,22987.86,9553.49,"cassandra-node3",5.45,2784212550,6442450944,"220MB / 179MB","116MB / 78.3MB"
"2026-09-02T18:40:23.5562694Z","EXP-20260902T183034Z-b015f896","cassandra",16,22987.86,9553.49,"cassandra-node2",5.81,2753074037,6442450944,"220MB / 166MB","92.8MB / 98.7MB"
"2026-09-02T18:40:23.5562694Z","EXP-20260902T183034Z-b015f896","cassandra",16,22987.86,9553.49,"cassandra-node1",5.96,2756295262,6442450944,"81.5MB / 36.6MB","102MB / 79.7MB"
"2026-09-02T18:41:27.0481522Z","EXP-20260902T183034Z-b015f896","cassandra",8,23009.35,9532,"cassandra-node3",5.75,2792802484,6442450944,"221MB / 181MB","116MB / 78.5MB"
"2026-09-02T18:41:27.0481522Z","EXP-20260902T183034Z-b015f896","cassandra",8,23009.35,9532,"cassandra-node2",5.53,2772401390,6442450944,"222MB / 168MB","92.8MB / 98.8MB"
"2026-09-02T18:41:27.0481522Z","EXP-20260902T183034Z-b015f896","cassandra",8,23009.35,9532,"cassandra-node1",5.95,2758442746,6442450944,"82.2MB / 37.3MB","102MB / 79.8MB"
"2026-09-02T18:42:30.4643837Z","EXP-20260902T183034Z-b015f896","cassandra",16,23123.21,9418.14,"cassandra-node3",2.73,2791728742,6442450944,"223MB / 183MB","116MB / 78.5MB"
"2026-09-02T18:42:30.4643837Z","EXP-20260902T183034Z-b015f896","cassandra",16,23123.21,9418.14,"cassandra-node2",2.59,2791728742,6442450944,"224MB / 169MB","92.8MB / 98.9MB"
"2026-09-02T18:42:30.4643837Z","EXP-20260902T183034Z-b015f896","cassandra",16,23123.21,9418.14,"cassandra-node1",2.74,2765958939,6442450944,"82.9MB / 37.9MB","102MB / 79.8MB"
"2026-09-02T18:43:33.6451296Z","EXP-20260902T183034Z-b015f896","cassandra",10,22693.18,9848.17,"cassandra-node3",6.79,2777770099,6442450944,"225MB / 185MB","116MB / 78.5MB"
"2026-09-02T18:43:33.6451296Z","EXP-20260902T183034Z-b015f896","cassandra",10,22693.18,9848.17,"cassandra-node2",5.67,2780991324,6442450944,"226MB / 171MB","92.8MB / 98.9MB"
"2026-09-02T18:43:33.6451296Z","EXP-20260902T183034Z-b015f896","cassandra",10,22693.18,9848.17,"cassandra-node1",6.06,2758442746,6442450944,"83.6MB / 38.6MB","102MB / 79.8MB"
"2026-09-02T18:44:37.0937546Z","EXP-20260902T183034Z-b015f896","cassandra",15,22693.14,9848.21,"cassandra-node3",5.63,2775622615,6442450944,"227MB / 186MB","116MB / 78.5MB"
"2026-09-02T18:44:37.0937546Z","EXP-20260902T183034Z-b015f896","cassandra",15,22693.14,9848.21,"cassandra-node2",5.33,2788507517,6442450944,"228MB / 172MB","92.8MB / 98.9MB"
"2026-09-02T18:44:37.0937546Z","EXP-20260902T183034Z-b015f896","cassandra",15,22693.14,9848.21,"cassandra-node1",6.36,2758442746,6442450944,"84.3MB / 39.2MB","102MB / 79.8MB"
"2026-09-02T18:45:40.5315478Z","EXP-20260902T183034Z-b015f896","cassandra",14,22675.64,9865.71,"cassandra-node3",4.89,2806761128,6442450944,"228MB / 188MB","116MB / 78.6MB"
"2026-09-02T18:45:40.5315478Z","EXP-20260902T183034Z-b015f896","cassandra",14,22675.64,9865.71,"cassandra-node2",12.13,2782065066,6442450944,"230MB / 174MB","92.8MB / 98.9MB"
"2026-09-02T18:45:40.5315478Z","EXP-20260902T183034Z-b015f896","cassandra",14,22675.64,9865.71,"cassandra-node1",4.93,2779917582,6442450944,"84.9MB / 39.9MB","102MB / 79.9MB"
"2026-09-02T18:46:43.8532039Z","EXP-20260902T183034Z-b015f896","cassandra",1,22663.14,9878.21,"cassandra-node3",5.43,2775622615,6442450944,"230MB / 190MB","116MB / 78.7MB"
"2026-09-02T18:46:43.8532039Z","EXP-20260902T183034Z-b015f896","cassandra",1,22663.14,9878.21,"cassandra-node2",6.93,2786360033,6442450944,"231MB / 175MB","92.8MB / 99.1MB"
"2026-09-02T18:46:43.8532039Z","EXP-20260902T183034Z-b015f896","cassandra",1,22663.14,9878.21,"cassandra-node1",6.96,2761663971,6442450944,"85.5MB / 40.5MB","102MB / 80MB"
"2026-09-02T18:47:47.3411955Z","EXP-20260902T183034Z-b015f896","cassandra",8,22618.87,9922.48,"cassandra-node3",6.53,2787433775,6442450944,"231MB / 192MB","116MB / 78.7MB"
"2026-09-02T18:47:47.3411955Z","EXP-20260902T183034Z-b015f896","cassandra",8,22618.87,9922.48,"cassandra-node2",6.44,2773475131,6442450944,"233MB / 177MB","92.8MB / 99.1MB"
"2026-09-02T18:47:47.3411955Z","EXP-20260902T183034Z-b015f896","cassandra",8,22618.87,9922.48,"cassandra-node1",6.61,2761663971,6442450944,"86.2MB / 41.2MB","102MB / 80MB"
"2026-09-02T18:48:50.7889489Z","EXP-20260902T183034Z-b015f896","cassandra",10,22704.59,9836.76,"cassandra-node3",4.81,2787433775,6442450944,"233MB / 194MB","116MB / 78.7MB"
"2026-09-02T18:48:50.7889489Z","EXP-20260902T183034Z-b015f896","cassandra",10,22704.59,9836.76,"cassandra-node2",4.63,2777770099,6442450944,"235MB / 179MB","92.8MB / 99.1MB"
"2026-09-02T18:48:50.7889489Z","EXP-20260902T183034Z-b015f896","cassandra",10,22704.59,9836.76,"cassandra-node1",4.84,2762737713,6442450944,"86.8MB / 41.8MB","102MB / 80MB"
"2026-09-02T18:49:54.0717936Z","EXP-20260902T183034Z-b015f896","cassandra",5,22556.39,9984.96,"cassandra-node3",5.93,2780991324,6442450944,"248MB / 237MB","116MB / 78.8MB"
"2026-09-02T18:49:54.0717936Z","EXP-20260902T183034Z-b015f896","cassandra",5,22556.39,9984.96,"cassandra-node2",5.93,2770253906,6442450944,"252MB / 216MB","92.8MB / 99.2MB"
"2026-09-02T18:49:54.0717936Z","EXP-20260902T183034Z-b015f896","cassandra",5,22556.39,9984.96,"cassandra-node1",5.91,2770253906,6442450944,"87.5MB / 65.6MB","102MB / 80MB"
"2026-09-02T18:50:57.5403422Z","EXP-20260902T183034Z-b015f896","cassandra",5,22612.28,9929.07,"cassandra-node3",6.75,2780991324,6442450944,"262MB / 280MB","116MB / 78.9MB"
"2026-09-02T18:50:57.5403422Z","EXP-20260902T183034Z-b015f896","cassandra",5,22612.28,9929.07,"cassandra-node2",6,2771327648,6442450944,"270MB / 253MB","92.8MB / 99.2MB"
"2026-09-02T18:50:57.5403422Z","EXP-20260902T183034Z-b015f896","cassandra",5,22612.28,9929.07,"cassandra-node1",6.77,2761663971,6442450944,"88.3MB / 89.3MB","102MB / 80.2MB"
"2026-09-02T18:52:00.9708088Z","EXP-20260902T183034Z-b015f896","cassandra",13,22605.34,9936.01,"cassandra-node3",4.46,2780991324,6442450944,"277MB / 323MB","116MB / 79MB"
"2026-09-02T18:52:00.9708088Z","EXP-20260902T183034Z-b015f896","cassandra",13,22605.34,9936.01,"cassandra-node2",4.68,2771327648,6442450944,"288MB / 290MB","92.8MB / 99.4MB"
"2026-09-02T18:52:00.9708088Z","EXP-20260902T183034Z-b015f896","cassandra",13,22605.34,9936.01,"cassandra-node1",4.72,2762737713,6442450944,"89MB / 113MB","102MB / 80.2MB"
"2026-09-02T18:53:04.2011539Z","EXP-20260902T183034Z-b015f896","cassandra",8,22595.58,9945.77,"cassandra-node3",5.89,2775622615,6442450944,"292MB / 366MB","116MB / 79MB"
"2026-09-02T18:53:04.2011539Z","EXP-20260902T183034Z-b015f896","cassandra",8,22595.58,9945.77,"cassandra-node2",5.97,2771327648,6442450944,"305MB / 328MB","92.8MB / 99.4MB"
"2026-09-02T18:53:04.2011539Z","EXP-20260902T183034Z-b015f896","cassandra",8,22595.58,9945.77,"cassandra-node1",6.15,2762737713,6442450944,"89.7MB / 137MB","102MB / 80.3MB"
"2026-09-02T18:54:07.6645670Z","EXP-20260902T183034Z-b015f896","cassandra",12,22600.15,9941.2,"cassandra-node3",6.73,2779917582,6442450944,"293MB / 368MB","116MB / 79MB"
"2026-09-02T18:54:07.6645670Z","EXP-20260902T183034Z-b015f896","cassandra",12,22600.15,9941.2,"cassandra-node2",7.11,2775622615,6442450944,"307MB / 329MB","92.8MB / 99.4MB"
"2026-09-02T18:54:07.6645670Z","EXP-20260902T183034Z-b015f896","cassandra",12,22600.15,9941.2,"cassandra-node1",6.42,2761663971,6442450944,"90.4MB / 137MB","102MB / 80.3MB"
"2026-09-02T18:55:11.1040222Z","EXP-20260902T183034Z-b015f896","cassandra",13,22614.55,9926.8,"cassandra-node3",4.93,2779917582,6442450944,"295MB / 369MB","116MB / 79MB"
"2026-09-02T18:55:11.1040222Z","EXP-20260902T183034Z-b015f896","cassandra",13,22614.55,9926.8,"cassandra-node2",4.49,2772401390,6442450944,"309MB / 331MB","92.8MB / 99.4MB"
"2026-09-02T18:55:11.1040222Z","EXP-20260902T183034Z-b015f896","cassandra",13,22614.55,9926.8,"cassandra-node1",4.94,2761663971,6442450944,"91.1MB / 138MB","102MB / 80.3MB"
"2026-09-02T18:56:14.3339579Z","EXP-20260902T183034Z-b015f896","cassandra",10,22597.82,9943.53,"cassandra-node3",7.12,2776696357,6442450944,"297MB / 371MB","116MB / 79.2MB"
"2026-09-02T18:56:14.3339579Z","EXP-20260902T183034Z-b015f896","cassandra",10,22597.82,9943.53,"cassandra-node2",5.56,2772401390,6442450944,"311MB / 333MB","92.8MB / 99.5MB"
"2026-09-02T18:56:14.3339579Z","EXP-20260902T183034Z-b015f896","cassandra",10,22597.82,9943.53,"cassandra-node1",5.58,2761663971,6442450944,"91.8MB / 139MB","102MB / 80.4MB"
"2026-09-02T18:57:17.8066070Z","EXP-20260902T183034Z-b015f896","cassandra",18,22588.25,9953.1,"cassandra-node3",4.79,2776696357,6442450944,"298MB / 373MB","116MB / 79.2MB"
"2026-09-02T18:57:17.8066070Z","EXP-20260902T183034Z-b015f896","cassandra",18,22588.25,9953.1,"cassandra-node2",4.7,2772401390,6442450944,"313MB / 334MB","92.8MB / 99.5MB"
"2026-09-02T18:57:17.8066070Z","EXP-20260902T183034Z-b015f896","cassandra",18,22588.25,9953.1,"cassandra-node1",7.06,2761663971,6442450944,"92.5MB / 139MB","102MB / 80.5MB"
"2026-09-02T18:58:21.2277422Z","EXP-20260902T183034Z-b015f896","cassandra",15,22602.21,9939.14,"cassandra-node3",7.41,2777770099,6442450944,"300MB / 375MB","116MB / 80MB"
"2026-09-02T18:58:21.2277422Z","EXP-20260902T183034Z-b015f896","cassandra",15,22602.21,9939.14,"cassandra-node2",6.88,2775622615,6442450944,"315MB / 335MB","92.8MB / 100MB"
"2026-09-02T18:58:21.2277422Z","EXP-20260902T183034Z-b015f896","cassandra",15,22602.21,9939.14,"cassandra-node1",7.12,2767032680,6442450944,"93.3MB / 140MB","102MB / 81.3MB"
"2026-09-02T18:59:24.4941225Z","EXP-20260902T183034Z-b015f896","cassandra",4,22606.43,9934.92,"cassandra-node3",5.96,2777770099,6442450944,"302MB / 376MB","116MB / 80.6MB"
"2026-09-02T18:59:24.4941225Z","EXP-20260902T183034Z-b015f896","cassandra",4,22606.43,9934.92,"cassandra-node2",6.85,2775622615,6442450944,"316MB / 337MB","92.8MB / 101MB"
"2026-09-02T18:59:24.4941225Z","EXP-20260902T183034Z-b015f896","cassandra",4,22606.43,9934.92,"cassandra-node1",6.42,2767032680,6442450944,"94MB / 140MB","102MB / 81.9MB"
"2026-09-02T19:00:28.0077890Z","EXP-20260902T183034Z-b015f896","cassandra",13,22573.23,9968.12,"cassandra-node3",6.79,2776696357,6442450944,"304MB / 378MB","116MB / 81.2MB"
"2026-09-02T19:00:28.0077890Z","EXP-20260902T183034Z-b015f896","cassandra",13,22573.23,9968.12,"cassandra-node2",7.4,2773475131,6442450944,"318MB / 338MB","92.8MB / 102MB"
"2026-09-02T19:00:28.0077890Z","EXP-20260902T183034Z-b015f896","cassandra",13,22573.23,9968.12,"cassandra-node1",6.85,2762737713,6442450944,"94.8MB / 141MB","102MB / 82.5MB"
"2026-09-02T19:01:31.4690321Z","EXP-20260902T183034Z-b015f896","cassandra",22,22622.74,9918.61,"cassandra-node3",6.35,2787433775,6442450944,"305MB / 379MB","116MB / 81.9MB"
"2026-09-02T19:01:31.4690321Z","EXP-20260902T183034Z-b015f896","cassandra",22,22622.74,9918.61,"cassandra-node2",6.21,2772401390,6442450944,"320MB / 339MB","92.8MB / 103MB"
"2026-09-02T19:01:31.4690321Z","EXP-20260902T183034Z-b015f896","cassandra",22,22622.74,9918.61,"cassandra-node1",6.53,2774548873,6442450944,"95.6MB / 141MB","102MB / 83.2MB"
"2026-09-02T19:02:34.6877744Z","EXP-20260902T183034Z-b015f896","cassandra",9,22729.1,9812.25,"cassandra-node3",5.6,2787433775,6442450944,"307MB / 381MB","116MB / 82.4MB"
"2026-09-02T19:02:34.6877744Z","EXP-20260902T183034Z-b015f896","cassandra",9,22729.1,9812.25,"cassandra-node2",13.8,2773475131,6442450944,"322MB / 341MB","92.8MB / 103MB"
"2026-09-02T19:02:34.6877744Z","EXP-20260902T183034Z-b015f896","cassandra",9,22729.1,9812.25,"cassandra-node1",5.74,2762737713,6442450944,"96.3MB / 142MB","102MB / 83.7MB"
"2026-09-02T19:03:38.1620365Z","EXP-20260902T183034Z-b015f896","cassandra",7,22656.34,9885.02,"cassandra-node3",10.67,2788507517,6442450944,"309MB / 383MB","116MB / 82.9MB"
"2026-09-02T19:03:38.1620365Z","EXP-20260902T183034Z-b015f896","cassandra",7,22656.34,9885.02,"cassandra-node2",160.84,2773475131,6442450944,"324MB / 343MB","92.8MB / 104MB"
"2026-09-02T19:03:38.1620365Z","EXP-20260902T183034Z-b015f896","cassandra",7,22656.34,9885.02,"cassandra-node1",12.55,2763811455,6442450944,"97.1MB / 142MB","102MB / 84.3MB"
"2026-09-02T19:04:41.5569954Z","EXP-20260902T183034Z-b015f896","cassandra",8,22646.59,9894.76,"cassandra-node3",179.02,2788507517,6442450944,"312MB / 385MB","116MB / 83.5MB"
"2026-09-02T19:04:41.5569954Z","EXP-20260902T183034Z-b015f896","cassandra",8,22646.59,9894.76,"cassandra-node2",181.67,2774548873,6442450944,"327MB / 345MB","92.8MB / 104MB"
"2026-09-02T19:04:41.5569954Z","EXP-20260902T183034Z-b015f896","cassandra",8,22646.59,9894.76,"cassandra-node1",126.16,2763811455,6442450944,"98.3MB / 143MB","102MB / 84.8MB"
"2026-09-02T19:05:44.7835854Z","EXP-20260902T183034Z-b015f896","cassandra",52,22590.63,9950.72,"cassandra-node3",183.08,2777770099,6442450944,"313MB / 387MB","116MB / 83.9MB"
"2026-09-02T19:05:44.7835854Z","EXP-20260902T183034Z-b015f896","cassandra",52,22590.63,9950.72,"cassandra-node2",91.56,2778843841,6442450944,"329MB / 347MB","92.8MB / 105MB"
"2026-09-02T19:05:44.7835854Z","EXP-20260902T183034Z-b015f896","cassandra",52,22590.63,9950.72,"cassandra-node1",128.17,2769180164,6442450944,"99MB / 144MB","102MB / 85.2MB"
"2026-09-02T19:06:48.3395501Z","EXP-20260902T183034Z-b015f896","cassandra",97,22589.03,9952.32,"cassandra-node3",5.37,2777770099,6442450944,"316MB / 389MB","116MB / 84.3MB"
"2026-09-02T19:06:48.3395501Z","EXP-20260902T183034Z-b015f896","cassandra",97,22589.03,9952.32,"cassandra-node2",5.33,2778843841,6442450944,"331MB / 348MB","92.8MB / 105MB"
"2026-09-02T19:06:48.3395501Z","EXP-20260902T183034Z-b015f896","cassandra",97,22589.03,9952.32,"cassandra-node1",61.35,2768106422,6442450944,"99.9MB / 144MB","102MB / 85.7MB"
"2026-09-02T19:07:51.8890739Z","EXP-20260902T183034Z-b015f896","cassandra",66,22601.22,9940.13,"cassandra-node3",4.4,2777770099,6442450944,"317MB / 391MB","116MB / 84.6MB"
"2026-09-02T19:07:51.8890739Z","EXP-20260902T183034Z-b015f896","cassandra",66,22601.22,9940.13,"cassandra-node2",4.35,2778843841,6442450944,"333MB / 350MB","92.8MB / 105MB"
"2026-09-02T19:07:51.8890739Z","EXP-20260902T183034Z-b015f896","cassandra",66,22601.22,9940.13,"cassandra-node1",4.48,2768106422,6442450944,"101MB / 145MB","102MB / 85.9MB"
"2026-09-02T19:08:55.1179841Z","EXP-20260902T183034Z-b015f896","cassandra",6,22609.25,9932.11,"cassandra-node3",4.49,2777770099,6442450944,"319MB / 393MB","116MB / 84.8MB"
"2026-09-02T19:08:55.1179841Z","EXP-20260902T183034Z-b015f896","cassandra",6,22609.25,9932.11,"cassandra-node2",4.44,2778843841,6442450944,"335MB / 351MB","92.8MB / 106MB"
"2026-09-02T19:08:55.1179841Z","EXP-20260902T183034Z-b015f896","cassandra",6,22609.25,9932.11,"cassandra-node1",5.42,2768106422,6442450944,"101MB / 145MB","102MB / 86.1MB"
"2026-09-02T19:09:58.5149024Z","EXP-20260902T183034Z-b015f896","cassandra",59,22593.16,9948.19,"cassandra-node3",44.49,2778843841,6442450944,"320MB / 394MB","116MB / 85.1MB"
"2026-09-02T19:09:58.5149024Z","EXP-20260902T183034Z-b015f896","cassandra",59,22593.16,9948.19,"cassandra-node2",43.13,2774548873,6442450944,"336MB / 352MB","92.8MB / 106MB"
"2026-09-02T19:09:58.5149024Z","EXP-20260902T183034Z-b015f896","cassandra",59,22593.16,9948.19,"cassandra-node1",36.54,2769180164,6442450944,"102MB / 146MB","102MB / 86.4MB"
"2026-09-02T19:11:01.9476299Z","EXP-20260902T183034Z-b015f896","cassandra",7,22604.19,9937.16,"cassandra-node3",5.36,2777770099,6442450944,"326MB / 399MB","116MB / 86.5MB"
"2026-09-02T19:11:01.9476299Z","EXP-20260902T183034Z-b015f896","cassandra",7,22604.19,9937.16,"cassandra-node2",5.47,2773475131,6442450944,"342MB / 357MB","92.8MB / 107MB"
"2026-09-02T19:11:01.9476299Z","EXP-20260902T183034Z-b015f896","cassandra",7,22604.19,9937.16,"cassandra-node1",5.46,2768106422,6442450944,"104MB / 147MB","102MB / 87.8MB"
"2026-09-02T19:13:06.5768076Z","","",5,15722.57,16818.78,"scylla-node3",0.05,34990981,6442450944,"33.5kB / 23.3kB","0B / 24.6kB"
"2026-09-02T19:13:06.5768076Z","","",5,15722.57,16818.78,"scylla-node2",0.03,37213962,6442450944,"34.9kB / 24.3kB","2.74MB / 24.6kB"
"2026-09-02T19:13:06.5768076Z","","",5,15722.57,16818.78,"scylla-node1",13.21,1483911201,6442450944,"49.3kB / 64.9kB","512MB / 346MB"
"2026-09-02T19:14:09.8633465Z","","",7,15723.14,16818.21,"scylla-node3",0.08,34990981,6442450944,"82kB / 58.7kB","0B / 24.6kB"
"2026-09-02T19:14:09.8633465Z","","",7,15723.14,16818.21,"scylla-node2",0.01,37213962,6442450944,"84.1kB / 60.2kB","2.74MB / 24.6kB"
"2026-09-02T19:14:09.8633465Z","","",7,15723.14,16818.21,"scylla-node1",5.36,1483911201,6442450944,"121kB / 163kB","512MB / 346MB"
"2026-09-02T19:15:13.3310087Z","","",7,15721.65,16819.7,"scylla-node3",0.05,34990981,6442450944,"132kB / 95kB","0B / 24.6kB"
"2026-09-02T19:15:13.3310087Z","","",7,15721.65,16819.7,"scylla-node2",0.03,37213962,6442450944,"133kB / 95.8kB","2.74MB / 24.6kB"
"2026-09-02T19:15:13.3310087Z","","",7,15721.65,16819.7,"scylla-node1",4.39,1483911201,6442450944,"193kB / 262kB","512MB / 346MB"
"2026-09-02T19:16:16.7973318Z","","",12,15721.44,16819.91,"scylla-node3",0.04,34990981,6442450944,"181kB / 131kB","0B / 24.6kB"
"2026-09-02T19:16:16.7973318Z","","",12,15721.44,16819.91,"scylla-node2",0.03,37213962,6442450944,"183kB / 132kB","2.74MB / 24.6kB"
"2026-09-02T19:16:16.7973318Z","","",12,15721.44,16819.91,"scylla-node1",5.92,1483911201,6442450944,"265kB / 360kB","512MB / 346MB"
"2026-09-02T19:17:20.1295759Z","","",11,15743.38,16797.97,"scylla-node3",0.03,35001467,6442450944,"230kB / 167kB","0B / 24.6kB"
"2026-09-02T19:17:20.1295759Z","","",11,15743.38,16797.97,"scylla-node2",0.06,37213962,6442450944,"232kB / 168kB","2.74MB / 24.6kB"
"2026-09-02T19:17:20.1295759Z","","",11,15743.38,16797.97,"scylla-node1",3.98,1483911201,6442450944,"336kB / 457kB","512MB / 346MB"
"2026-09-02T19:18:23.6040198Z","","",12,15782.54,16758.81,"scylla-node3",0.03,35001467,6442450944,"278kB / 202kB","0B / 24.6kB"
"2026-09-02T19:18:23.6040198Z","","",12,15782.54,16758.81,"scylla-node2",0.04,37213962,6442450944,"281kB / 204kB","2.74MB / 24.6kB"
"2026-09-02T19:18:23.6040198Z","","",12,15782.54,16758.81,"scylla-node1",4.22,1484984943,6442450944,"409kB / 557kB","512MB / 346MB"
"2026-09-02T19:19:27.0723349Z","","",14,15785.91,16755.44,"scylla-node3",0.04,35001467,6442450944,"328kB / 238kB","0B / 24.6kB"
"2026-09-02T19:19:27.0723349Z","","",14,15785.91,16755.44,"scylla-node2",0.03,37213962,6442450944,"331kB / 241kB","2.74MB / 24.6kB"
"2026-09-02T19:19:27.0723349Z","","",14,15785.91,16755.44,"scylla-node1",6.59,1484984943,6442450944,"481kB / 655kB","512MB / 346MB"
"2026-09-02T19:20:30.3066189Z","","",2,15779.74,16761.61,"scylla-node3",0.03,35001467,6442450944,"376kB / 274kB","0B / 24.6kB"
"2026-09-02T19:20:30.3066189Z","","",2,15779.74,16761.61,"scylla-node2",0.02,37213962,6442450944,"380kB / 277kB","2.74MB / 24.6kB"
"2026-09-02T19:20:30.3066189Z","","",2,15779.74,16761.61,"scylla-node1",4.5,1484984943,6442450944,"552kB / 754kB","512MB / 346MB"
"2026-09-02T19:21:33.8154332Z","","",11,15778.93,16762.43,"scylla-node3",0.02,35001467,6442450944,"426kB / 310kB","0B / 24.6kB"
"2026-09-02T19:21:33.8154332Z","","",11,15778.93,16762.43,"scylla-node2",0.03,37213962,6442450944,"429kB / 312kB","2.74MB / 24.6kB"
"2026-09-02T19:21:33.8154332Z","","",11,15778.93,16762.43,"scylla-node1",4.2,1484984943,6442450944,"624kB / 852kB","512MB / 346MB"
"2026-09-02T19:22:37.2678573Z","","",13,15930.14,16611.21,"scylla-node3",0.01,35001467,6442450944,"475kB / 346kB","0B / 24.6kB"
"2026-09-02T19:22:37.2678573Z","","",13,15930.14,16611.21,"scylla-node2",0.02,37213962,6442450944,"479kB / 348kB","2.74MB / 24.6kB"
"2026-09-02T19:22:37.2678573Z","","",13,15930.14,16611.21,"scylla-node1",2.44,1484984943,6442450944,"696kB / 950kB","512MB / 346MB"
"2026-09-02T19:23:40.3660680Z","","",21,15436.5,17104.85,"scylla-node3",0.03,34980495,6442450944,"524kB / 382kB","0B / 24.6kB"
"2026-09-02T19:23:40.3660680Z","","",21,15436.5,17104.85,"scylla-node2",0.03,34802237,6442450944,"527kB / 384kB","2.74MB / 24.6kB"
"2026-09-02T19:23:40.3660680Z","","",21,15436.5,17104.85,"scylla-node1",3.47,1455993913,6442450944,"768kB / 1.05MB","520MB / 346MB"
"2026-09-02T19:24:43.7972009Z","","",32,15425.13,17116.22,"scylla-node3",0.02,34980495,6442450944,"573kB / 418kB","0B / 24.6kB"
"2026-09-02T19:24:43.7972009Z","","",32,15425.13,17116.22,"scylla-node2",0.02,34802237,6442450944,"578kB / 421kB","2.74MB / 24.6kB"
"2026-09-02T19:24:43.7972009Z","","",32,15425.13,17116.22,"scylla-node1",3.37,1455993913,6442450944,"839kB / 1.15MB","520MB / 346MB"
"2026-09-02T19:25:47.2374857Z","","",17,15488.38,17052.97,"scylla-node3",0.02,34980495,6442450944,"623kB / 454kB","0B / 24.6kB"
"2026-09-02T19:25:47.2374857Z","","",17,15488.38,17052.97,"scylla-node2",0.02,34802237,6442450944,"627kB / 457kB","2.74MB / 24.6kB"
"2026-09-02T19:25:47.2374857Z","","",17,15488.38,17052.97,"scylla-node1",4.39,1455993913,6442450944,"912kB / 1.25MB","520MB / 346MB"
"2026-09-02T19:26:50.6371529Z","","",23,15480.5,17060.85,"scylla-node3",0.03,34980495,6442450944,"671kB / 489kB","0B / 24.6kB"
"2026-09-02T19:26:50.6371529Z","","",23,15480.5,17060.85,"scylla-node2",0.02,34802237,6442450944,"676kB / 493kB","2.74MB / 24.6kB"
"2026-09-02T19:26:50.6371529Z","","",23,15480.5,17060.85,"scylla-node1",2.85,1455993913,6442450944,"983kB / 1.34MB","520MB / 346MB"
"2026-09-02T19:27:54.0128108Z","","",21,15383.62,17157.73,"scylla-node3",0.02,34980495,6442450944,"722kB / 526kB","0B / 24.6kB"
"2026-09-02T19:27:54.0128108Z","","",21,15383.62,17157.73,"scylla-node2",0.03,34802237,6442450944,"724kB / 528kB","2.74MB / 24.6kB"
"2026-09-02T19:27:54.0128108Z","","",21,15383.62,17157.73,"scylla-node1",2.77,1455993913,6442450944,"1.06MB / 1.44MB","520MB / 346MB"
"2026-09-02T19:28:57.4170816Z","","",28,15519.68,17021.67,"scylla-node3",0.04,34980495,6442450944,"771kB / 562kB","0B / 24.6kB"
"2026-09-02T19:28:57.4170816Z","","",28,15519.68,17021.67,"scylla-node2",0.04,34802237,6442450944,"774kB / 564kB","2.74MB / 24.6kB"
"2026-09-02T19:28:57.4170816Z","","",28,15519.68,17021.67,"scylla-node1",4.83,1457067655,6442450944,"1.13MB / 1.54MB","520MB / 346MB"
"2026-09-02T19:30:00.7548603Z","","",11,15352.96,17188.39,"scylla-node3",0.03,34980495,6442450944,"821kB / 598kB","0B / 24.6kB"
"2026-09-02T19:30:00.7548603Z","","",11,15352.96,17188.39,"scylla-node2",0.04,34802237,6442450944,"822kB / 599kB","2.74MB / 24.6kB"
"2026-09-02T19:30:00.7548603Z","","",11,15352.96,17188.39,"scylla-node1",4.68,1457067655,6442450944,"1.2MB / 1.64MB","520MB / 346MB"
"2026-09-02T19:31:04.2215198Z","","",5,15425.49,17115.86,"scylla-node3",0.02,34980495,6442450944,"869kB / 634kB","0B / 24.6kB"
"2026-09-02T19:31:04.2215198Z","","",5,15425.49,17115.86,"scylla-node2",0.02,34802237,6442450944,"872kB / 636kB","2.74MB / 24.6kB"
"2026-09-02T19:31:04.2215198Z","","",5,15425.49,17115.86,"scylla-node1",3.8,1457067655,6442450944,"1.27MB / 1.74MB","520MB / 346MB"
"2026-09-02T19:32:07.6927010Z","","",8,15433.29,17108.06,"scylla-node3",0.09,34980495,6442450944,"919kB / 670kB","0B / 24.6kB"
"2026-09-02T19:32:07.6927010Z","","",8,15433.29,17108.06,"scylla-node2",0.05,34802237,6442450944,"921kB / 672kB","2.74MB / 24.6kB"
"2026-09-02T19:32:07.6927010Z","","",8,15433.29,17108.06,"scylla-node1",4.28,1457067655,6442450944,"1.34MB / 1.84MB","520MB / 346MB"
"2026-09-02T19:33:10.9979569Z","","",5,15412.12,17129.23,"scylla-node3",0.03,34980495,6442450944,"967kB / 706kB","0B / 24.6kB"
"2026-09-02T19:33:10.9979569Z","","",5,15412.12,17129.23,"scylla-node2",0.03,34802237,6442450944,"970kB / 708kB","2.74MB / 24.6kB"
"2026-09-02T19:33:10.9979569Z","","",5,15412.12,17129.23,"scylla-node1",3.16,1457067655,6442450944,"1.42MB / 1.93MB","520MB / 346MB"
"2026-09-02T19:34:14.4345567Z","","",6,15348.7,17192.65,"scylla-node3",0.04,34980495,6442450944,"1.02MB / 742kB","0B / 24.6kB"
"2026-09-02T19:34:14.4345567Z","","",6,15348.7,17192.65,"scylla-node2",0.03,34802237,6442450944,"1.02MB / 744kB","2.74MB / 24.6kB"
"2026-09-02T19:34:14.4345567Z","","",6,15348.7,17192.65,"scylla-node1",5.07,1457067655,6442450944,"1.49MB / 2.03MB","520MB / 346MB"
"2026-09-02T19:35:17.9235004Z","","",9,15360.71,17180.64,"scylla-node3",0.04,34980495,6442450944,"1.07MB / 778kB","0B / 24.6kB"
"2026-09-02T19:35:17.9235004Z","","",9,15360.71,17180.64,"scylla-node2",0.03,34802237,6442450944,"1.07MB / 780kB","2.74MB / 24.6kB"
"2026-09-02T19:35:17.9235004Z","","",9,15360.71,17180.64,"scylla-node1",3.95,1455993913,6442450944,"1.56MB / 2.13MB","520MB / 346MB"
"2026-09-02T19:36:21.2600244Z","","",2,15359.41,17181.94,"scylla-node3",0.03,34980495,6442450944,"1.12MB / 813kB","0B / 24.6kB"
"2026-09-02T19:36:21.2600244Z","","",2,15359.41,17181.94,"scylla-node2",0.03,34802237,6442450944,"1.12MB / 815kB","2.74MB / 24.6kB"
"2026-09-02T19:36:21.2600244Z","","",2,15359.41,17181.94,"scylla-node1",4.64,1457067655,6442450944,"1.63MB / 2.23MB","520MB / 346MB"
"2026-09-02T19:37:24.7271708Z","","",7,15364.71,17176.64,"scylla-node3",0.03,34980495,6442450944,"1.17MB / 850kB","0B / 24.6kB"
"2026-09-02T19:37:24.7271708Z","","",7,15364.71,17176.64,"scylla-node2",0.03,34802237,6442450944,"1.17MB / 851kB","2.74MB / 24.6kB"
"2026-09-02T19:37:24.7271708Z","","",7,15364.71,17176.64,"scylla-node1",3.33,1457067655,6442450944,"1.7MB / 2.33MB","520MB / 346MB"
"2026-09-02T19:38:28.2103667Z","","",7,15361.13,17180.22,"scylla-node3",0.04,34980495,6442450944,"1.21MB / 886kB","0B / 24.6kB"
"2026-09-02T19:38:28.2103667Z","","",7,15361.13,17180.22,"scylla-node2",0.02,34802237,6442450944,"1.22MB / 887kB","2.74MB / 24.6kB"
"2026-09-02T19:38:28.2103667Z","","",7,15361.13,17180.22,"scylla-node1",4.82,1457067655,6442450944,"1.77MB / 2.43MB","520MB / 346MB"
"2026-09-02T19:39:31.3816686Z","","",5,15349.41,17191.95,"scylla-node3",0.03,34980495,6442450944,"1.26MB / 922kB","0B / 24.6kB"
"2026-09-02T19:39:31.3816686Z","","",5,15349.41,17191.95,"scylla-node2",0.03,34802237,6442450944,"1.26MB / 923kB","2.74MB / 24.6kB"
"2026-09-02T19:39:31.3816686Z","","",5,15349.41,17191.95,"scylla-node1",2.89,1457067655,6442450944,"1.85MB / 2.52MB","520MB / 346MB"
"2026-09-02T19:40:34.9099799Z","","",8,15347.07,17194.28,"scylla-node3",0.04,34980495,6442450944,"1.31MB / 957kB","0B / 24.6kB"
"2026-09-02T19:40:34.9099799Z","","",8,15347.07,17194.28,"scylla-node2",0.01,34802237,6442450944,"1.31MB / 959kB","2.74MB / 24.6kB"
"2026-09-02T19:40:34.9099799Z","","",8,15347.07,17194.28,"scylla-node1",11.73,1457067655,6442450944,"1.92MB / 2.62MB","520MB / 346MB"
"2026-09-02T19:41:38.3692756Z","","",10,15368.2,17173.16,"scylla-node3",0.03,34980495,6442450944,"1.36MB / 993kB","0B / 24.6kB"
"2026-09-02T19:41:38.3692756Z","","",10,15368.2,17173.16,"scylla-node2",0.03,34802237,6442450944,"1.36MB / 995kB","2.74MB / 24.6kB"
"2026-09-02T19:41:38.3692756Z","","",10,15368.2,17173.16,"scylla-node1",4.29,1457067655,6442450944,"1.99MB / 2.72MB","520MB / 346MB"
"2026-09-02T19:42:41.5952208Z","","",27,15396.53,17144.82,"scylla-node1",3.87,1452772688,6442450944,"2.06MB / 2.82MB","520MB / 346MB"
"2026-09-02T19:48:50.8652302Z","","",46,15487.67,17053.68,"scylla-node3",79.11,1562294354,6442450944,"2.62kB / 950B","551MB / 328MB"
"2026-09-02T19:48:50.8652302Z","","",46,15487.67,17053.68,"scylla-node2",0.01,50751078,6442450944,"3.06kB / 978B","22.2MB / 24.6kB"
"2026-09-02T19:48:50.8652302Z","","",46,15487.67,17053.68,"scylla-node1",0.01,83697336,6442450944,"3.29kB / 1.09kB","74.6MB / 24.6kB"
"2026-09-02T19:49:54.2549156Z","","",20,15885.13,16656.22,"scylla-node3",1.59,1561220612,6442450944,"78.7kB / 105kB","582MB / 348MB"
"2026-09-02T19:49:54.2549156Z","","",20,15885.13,16656.22,"scylla-node2",0.01,50939822,6442450944,"51.7kB / 36.5kB","22.2MB / 24.6kB"
"2026-09-02T19:49:54.2549156Z","","",20,15885.13,16656.22,"scylla-node1",0.01,83749765,6442450944,"57.1kB / 40.4kB","75.6MB / 24.6kB"
"2026-09-02T19:50:57.4891171Z","","",3,14777.14,17764.21,"scylla-node2",0.04,35148268,6442450944,"33.8kB / 23.5kB","0B / 20.5kB"
"2026-09-02T19:50:57.4891171Z","","",3,14777.14,17764.21,"scylla-node3",0.01,35127296,6442450944,"32.9kB / 22.9kB","0B / 20.5kB"
"2026-09-02T19:50:57.4891171Z","","",3,14777.14,17764.21,"scylla-node1",3.37,227436134,6442450944,"47.6kB / 62.5kB","33.5MB / 276MB"
"2026-09-02T19:52:00.9388137Z","","",17,16265.87,16275.48,"scylla-node3",4.64,148373504,6442450944,"171kB / 185kB","28MB / 276MB"
"2026-09-02T19:52:00.9388137Z","","",17,16265.87,16275.48,"scylla-node2",4.12,1522565906,6442450944,"148kB / 127kB","478MB / 346MB"
"2026-09-02T19:52:00.9388137Z","","",17,16265.87,16275.48,"scylla-node1",4.8,148583219,6442450944,"169kB / 171kB","27.7MB / 276MB"
"2026-09-02T19:53:04.4124239Z","BASELINE-20260902T195252Z-85bf01e2","scylla",56,16927.73,15613.62,"scylla-node3",34.41,160432128,6442450944,"8.26MB / 7.36MB","28MB / 280MB"
"2026-09-02T19:53:04.4124239Z","BASELINE-20260902T195252Z-85bf01e2","scylla",56,16927.73,15613.62,"scylla-node2",32.9,1533303325,6442450944,"7.64MB / 6.48MB","478MB / 350MB"
"2026-09-02T19:53:04.4124239Z","BASELINE-20260902T195252Z-85bf01e2","scylla",56,16927.73,15613.62,"scylla-node1",32.72,162109850,6442450944,"7.28MB / 6.38MB","29.3MB / 281MB"
"2026-09-02T19:54:07.0072322Z","BASELINE-20260902T195252Z-85bf01e2","scylla",68,17006.08,15535.27,"scylla-node3",37.5,201431450,6442450944,"40.8MB / 35.4MB","28MB / 295MB"
"2026-09-02T19:54:07.0072322Z","BASELINE-20260902T195252Z-85bf01e2","scylla",68,17006.08,15535.27,"scylla-node2",33.94,1574105514,6442450944,"36.7MB / 31.3MB","478MB / 366MB"
"2026-09-02T19:54:07.0072322Z","BASELINE-20260902T195252Z-85bf01e2","scylla",68,17006.08,15535.27,"scylla-node1",34.48,205101466,6442450944,"35.6MB / 28.9MB","29.3MB / 297MB"
"2026-09-02T19:55:10.5134426Z","BASELINE-20260902T195252Z-85bf01e2","scylla",62,17104.56,15436.79,"scylla-node3",35.86,244947354,6442450944,"74.3MB / 64MB","28MB / 311MB"
"2026-09-02T19:55:10.5134426Z","BASELINE-20260902T195252Z-85bf01e2","scylla",62,17104.56,15436.79,"scylla-node2",35.86,1618128929,6442450944,"66.7MB / 57.6MB","478MB / 381MB"
"2026-09-02T19:55:10.5134426Z","BASELINE-20260902T195252Z-85bf01e2","scylla",62,17104.56,15436.79,"scylla-node1",34.52,249456230,6442450944,"64.8MB / 52.2MB","29.3MB / 313MB"
"2026-09-02T19:56:14.0328379Z","BASELINE-20260902T195252Z-85bf01e2","scylla",64,17250.55,15290.8,"scylla-node3",35.23,288253542,6442450944,"108MB / 92.4MB","28MB / 326MB"
"2026-09-02T19:56:14.0328379Z","BASELINE-20260902T195252Z-85bf01e2","scylla",64,17250.55,15290.8,"scylla-node2",34.11,1661078602,6442450944,"97.1MB / 84.3MB","478MB / 397MB"
"2026-09-02T19:56:14.0328379Z","BASELINE-20260902T195252Z-85bf01e2","scylla",64,17250.55,15290.8,"scylla-node1",34.2,294754714,6442450944,"94.1MB / 75.4MB","29.3MB / 329MB"
"2026-09-02T19:57:17.0838196Z","BASELINE-20260902T195252Z-85bf01e2","scylla",54,17364.51,15176.84,"scylla-node3",34.03,332084019,6442450944,"141MB / 121MB","28MB / 342MB"
"2026-09-02T19:57:17.0838196Z","BASELINE-20260902T195252Z-85bf01e2","scylla",54,17364.51,15176.84,"scylla-node2",34.68,1704028275,6442450944,"127MB / 110MB","478MB / 412MB"
"2026-09-02T19:57:17.0838196Z","BASELINE-20260902T195252Z-85bf01e2","scylla",54,17364.51,15176.84,"scylla-node1",32.84,340892058,6442450944,"124MB / 98.7MB","29.3MB / 345MB"
"2026-09-02T19:58:20.5818486Z","BASELINE-20260902T195252Z-85bf01e2","scylla",59,17485.46,15055.89,"scylla-node3",35.11,374446490,6442450944,"174MB / 149MB","28MB / 357MB"
"2026-09-02T19:58:20.5818486Z","BASELINE-20260902T195252Z-85bf01e2","scylla",59,17485.46,15055.89,"scylla-node2",35.38,1748051689,6442450944,"157MB / 137MB","478MB / 427MB"
"2026-09-02T19:58:20.5818486Z","BASELINE-20260902T195252Z-85bf01e2","scylla",59,17485.46,15055.89,"scylla-node1",34.98,384827392,6442450944,"152MB / 121MB","29.3MB / 360MB"
"2026-09-02T19:59:24.2333659Z","BASELINE-20260902T195252Z-85bf01e2","scylla",70,17714.86,14826.5,"scylla-node3",34.19,416494387,6442450944,"207MB / 177MB","28MB / 372MB"
"2026-09-02T19:59:24.2333659Z","BASELINE-20260902T195252Z-85bf01e2","scylla",70,17714.86,14826.5,"scylla-node2",34.55,1789927621,6442450944,"186MB / 162MB","478MB / 442MB"
"2026-09-02T19:59:24.2333659Z","BASELINE-20260902T195252Z-85bf01e2","scylla",70,17714.86,14826.5,"scylla-node1",32.91,429706445,6442450944,"181MB / 144MB","29.3MB / 376MB"
"2026-09-02T20:00:27.1420752Z","EXP-20260902T200018Z-464a5e3f","scylla",34,17759.61,14781.75,"scylla-node3",12.24,453928550,6442450944,"235MB / 201MB","29.8MB / 387MB"
"2026-09-02T20:00:27.1420752Z","EXP-20260902T200018Z-464a5e3f","scylla",34,17759.61,14781.75,"scylla-node2",12.22,1827508584,6442450944,"211MB / 184MB","480MB / 457MB"
"2026-09-02T20:00:27.1420752Z","EXP-20260902T200018Z-464a5e3f","scylla",34,17759.61,14781.75,"scylla-node1",11.71,468923187,6442450944,"205MB / 164MB","31MB / 392MB"
"2026-09-02T20:01:30.5243110Z","EXP-20260902T200018Z-464a5e3f","scylla",5,17785.78,14755.57,"scylla-node3",1.87,454767411,6442450944,"236MB / 202MB","29.8MB / 388MB"
"2026-09-02T20:01:30.5243110Z","EXP-20260902T200018Z-464a5e3f","scylla",5,17785.78,14755.57,"scylla-node2",4.34,1827508584,6442450944,"212MB / 185MB","480MB / 458MB"
"2026-09-02T20:01:30.5243110Z","EXP-20260902T200018Z-464a5e3f","scylla",5,17785.78,14755.57,"scylla-node1",4.24,469866906,6442450944,"207MB / 165MB","31MB / 393MB"
"2026-09-02T20:02:33.9152471Z","EXP-20260902T200018Z-464a5e3f","scylla",16,17871.52,14669.83,"scylla-node3",4.15,459486003,6442450944,"239MB / 204MB","31MB / 392MB"
"2026-09-02T20:02:33.9152471Z","EXP-20260902T200018Z-464a5e3f","scylla",16,17871.52,14669.83,"scylla-node2",2.96,1830729810,6442450944,"215MB / 188MB","481MB / 462MB"
"2026-09-02T20:02:33.9152471Z","EXP-20260902T200018Z-464a5e3f","scylla",16,17871.52,14669.83,"scylla-node1",3.44,474375782,6442450944,"209MB / 167MB","32.2MB / 397MB"
"2026-09-02T20:03:37.2770132Z","EXP-20260902T200018Z-464a5e3f","scylla",10,17838.17,14703.18,"scylla-node3",5.3,461792870,6442450944,"241MB / 206MB","32.2MB / 396MB"
"2026-09-02T20:03:37.2770132Z","EXP-20260902T200018Z-464a5e3f","scylla",10,17838.17,14703.18,"scylla-node2",5.61,1832877294,6442450944,"217MB / 190MB","482MB / 466MB"
"2026-09-02T20:03:37.2770132Z","EXP-20260902T200018Z-464a5e3f","scylla",10,17838.17,14703.18,"scylla-node1",4.95,476158362,6442450944,"212MB / 169MB","33.4MB / 401MB"
"2026-09-02T20:04:40.8238948Z","EXP-20260902T200018Z-464a5e3f","scylla",15,17833.12,14708.23,"scylla-node3",4.87,463260877,6442450944,"244MB / 209MB","33.4MB / 400MB"
"2026-09-02T20:04:40.8238948Z","EXP-20260902T200018Z-464a5e3f","scylla",15,17833.12,14708.23,"scylla-node2",4.49,1833951035,6442450944,"220MB / 193MB","485MB / 471MB"
"2026-09-02T20:04:40.8238948Z","EXP-20260902T200018Z-464a5e3f","scylla",15,17833.12,14708.23,"scylla-node1",4.63,477416653,6442450944,"215MB / 172MB","34.6MB / 405MB"
"2026-09-02T20:05:44.4325742Z","EXP-20260902T200018Z-464a5e3f","scylla",16,17800.28,14741.07,"scylla-node3",4.39,466301747,6442450944,"248MB / 213MB","34.6MB / 405MB"
"2026-09-02T20:05:44.4325742Z","EXP-20260902T200018Z-464a5e3f","scylla",16,17800.28,14741.07,"scylla-node2",4.12,1836098519,6442450944,"225MB / 196MB","486MB / 477MB"
"2026-09-02T20:05:44.4325742Z","EXP-20260902T200018Z-464a5e3f","scylla",16,17800.28,14741.07,"scylla-node1",3.85,480352666,6442450944,"219MB / 176MB","35.8MB / 410MB"
"2026-09-02T20:06:47.5699335Z","EXP-20260902T200018Z-464a5e3f","scylla",15,17804.89,14736.46,"scylla-node3",5.23,472278630,6442450944,"253MB / 217MB","36MB / 410MB"
"2026-09-02T20:06:47.5699335Z","EXP-20260902T200018Z-464a5e3f","scylla",15,17804.89,14736.46,"scylla-node2",5.07,1842540970,6442450944,"230MB / 200MB","487MB / 482MB"
"2026-09-02T20:06:47.5699335Z","EXP-20260902T200018Z-464a5e3f","scylla",15,17804.89,14736.46,"scylla-node1",5.03,484966400,6442450944,"224MB / 179MB","37.1MB / 415MB"
"2026-09-02T20:07:51.2222180Z","EXP-20260902T200018Z-464a5e3f","scylla",6,17802.22,14739.13,"scylla-node3",4.95,475634074,6442450944,"257MB / 221MB","37.2MB / 415MB"
"2026-09-02T20:07:51.2222180Z","EXP-20260902T200018Z-464a5e3f","scylla",6,17802.22,14739.13,"scylla-node2",4.02,1847909679,6442450944,"234MB / 204MB","489MB / 487MB"
"2026-09-02T20:07:51.2222180Z","EXP-20260902T200018Z-464a5e3f","scylla",6,17802.22,14739.13,"scylla-node1",3.42,488531558,6442450944,"229MB / 183MB","38.3MB / 420MB"
"2026-09-02T20:08:56.7238488Z","EXP-20260902T200018Z-464a5e3f","scylla",17,17799.25,14742.1,"scylla-node3",5.42,479933235,6442450944,"262MB / 225MB","38.4MB / 420MB"
"2026-09-02T20:08:56.7238488Z","EXP-20260902T200018Z-464a5e3f","scylla",17,17799.25,14742.1,"scylla-node2",5.36,1852204646,6442450944,"239MB / 208MB","490MB / 493MB"
"2026-09-02T20:08:56.7238488Z","EXP-20260902T200018Z-464a5e3f","scylla",17,17799.25,14742.1,"scylla-node1",4.88,493250150,6442450944,"233MB / 187MB","39.5MB / 426MB"
"2026-09-02T20:10:00.3378111Z","EXP-20260902T200018Z-464a5e3f","scylla",13,17818.35,14723,"scylla-node3",5.39,479723520,6442450944,"265MB / 228MB","38.4MB / 420MB"
"2026-09-02T20:10:00.3378111Z","EXP-20260902T200018Z-464a5e3f","scylla",13,17818.35,14723,"scylla-node2",3.61,1852204646,6442450944,"242MB / 211MB","490MB / 493MB"
"2026-09-02T20:10:00.3378111Z","EXP-20260902T200018Z-464a5e3f","scylla",13,17818.35,14723,"scylla-node1",5.05,493250150,6442450944,"236MB / 190MB","39.5MB / 426MB"
"2026-09-02T20:11:03.9534878Z","EXP-20260902T200018Z-464a5e3f","scylla",23,17813.05,14728.3,"scylla-node3",5.84,479723520,6442450944,"268MB / 231MB","38.4MB / 420MB"
"2026-09-02T20:11:03.9534878Z","EXP-20260902T200018Z-464a5e3f","scylla",23,17813.05,14728.3,"scylla-node2",5.97,1852204646,6442450944,"244MB / 213MB","490MB / 493MB"
"2026-09-02T20:11:03.9534878Z","EXP-20260902T200018Z-464a5e3f","scylla",23,17813.05,14728.3,"scylla-node1",5.46,493250150,6442450944,"238MB / 192MB","39.5MB / 426MB"
"2026-09-02T20:12:06.8046563Z","EXP-20260902T200018Z-464a5e3f","scylla",9,17797.79,14743.57,"scylla-node3",6.52,479933235,6442450944,"271MB / 234MB","38.4MB / 420MB"
"2026-09-02T20:12:06.8046563Z","EXP-20260902T200018Z-464a5e3f","scylla",9,17797.79,14743.57,"scylla-node2",7.45,1852204646,6442450944,"247MB / 216MB","490MB / 493MB"
"2026-09-02T20:12:06.8046563Z","EXP-20260902T200018Z-464a5e3f","scylla",9,17797.79,14743.57,"scylla-node1",7.12,493250150,6442450944,"241MB / 194MB","39.5MB / 426MB"
"2026-09-02T20:13:10.4128019Z","EXP-20260902T200018Z-464a5e3f","scylla",14,17824.43,14716.92,"scylla-node3",5.48,479723520,6442450944,"274MB / 237MB","38.4MB / 420MB"
"2026-09-02T20:13:10.4128019Z","EXP-20260902T200018Z-464a5e3f","scylla",14,17824.43,14716.92,"scylla-node2",4.93,1852204646,6442450944,"250MB / 219MB","490MB / 493MB"
"2026-09-02T20:13:10.4128019Z","EXP-20260902T200018Z-464a5e3f","scylla",14,17824.43,14716.92,"scylla-node1",4.69,493564723,6442450944,"243MB / 197MB","39.5MB / 426MB"
"2026-09-02T20:14:14.0339382Z","EXP-20260902T200018Z-464a5e3f","scylla",18,17834.76,14706.59,"scylla-node3",6.41,479723520,6442450944,"276MB / 239MB","38.4MB / 420MB"
"2026-09-02T20:14:14.0339382Z","EXP-20260902T200018Z-464a5e3f","scylla",18,17834.76,14706.59,"scylla-node2",6.22,1852204646,6442450944,"252MB / 221MB","490MB / 493MB"
"2026-09-02T20:14:14.0339382Z","EXP-20260902T200018Z-464a5e3f","scylla",18,17834.76,14706.59,"scylla-node1",5.8,493250150,6442450944,"245MB / 199MB","39.5MB / 426MB"
"2026-09-02T20:15:16.9749892Z","EXP-20260902T200018Z-464a5e3f","scylla",10,17810.41,14730.95,"scylla-node3",5.89,479933235,6442450944,"279MB / 242MB","38.4MB / 420MB"
"2026-09-02T20:15:16.9749892Z","EXP-20260902T200018Z-464a5e3f","scylla",10,17810.41,14730.95,"scylla-node2",7.33,1852204646,6442450944,"254MB / 224MB","490MB / 493MB"
"2026-09-02T20:15:16.9749892Z","EXP-20260902T200018Z-464a5e3f","scylla",10,17810.41,14730.95,"scylla-node1",5.43,493250150,6442450944,"248MB / 202MB","39.5MB / 426MB"
"2026-09-02T20:16:20.5451538Z","EXP-20260902T200018Z-464a5e3f","scylla",21,17826.39,14714.96,"scylla-node3",4.99,479723520,6442450944,"281MB / 245MB","38.4MB / 420MB"
"2026-09-02T20:16:20.5451538Z","EXP-20260902T200018Z-464a5e3f","scylla",21,17826.39,14714.96,"scylla-node2",5.15,1852204646,6442450944,"257MB / 226MB","490MB / 493MB"
"2026-09-02T20:16:20.5451538Z","EXP-20260902T200018Z-464a5e3f","scylla",21,17826.39,14714.96,"scylla-node1",5.75,493250150,6442450944,"250MB / 204MB","39.5MB / 426MB"
"2026-09-02T20:17:24.1204911Z","EXP-20260902T200018Z-464a5e3f","scylla",11,17844.67,14696.68,"scylla-node3",5.31,479933235,6442450944,"284MB / 248MB","38.4MB / 420MB"
"2026-09-02T20:17:24.1204911Z","EXP-20260902T200018Z-464a5e3f","scylla",11,17844.67,14696.68,"scylla-node2",5.46,1852204646,6442450944,"259MB / 229MB","490MB / 493MB"
"2026-09-02T20:17:24.1204911Z","EXP-20260902T200018Z-464a5e3f","scylla",11,17844.67,14696.68,"scylla-node1",5.32,493250150,6442450944,"252MB / 206MB","39.5MB / 426MB"
"2026-09-02T20:18:27.1241408Z","EXP-20260902T200018Z-464a5e3f","scylla",15,17865.71,14675.64,"scylla-node3",5.46,479723520,6442450944,"311MB / 297MB","38.4MB / 420MB"
"2026-09-02T20:18:27.1241408Z","EXP-20260902T200018Z-464a5e3f","scylla",15,17865.71,14675.64,"scylla-node2",6.58,1852204646,6442450944,"282MB / 275MB","490MB / 493MB"
"2026-09-02T20:18:27.1241408Z","EXP-20260902T200018Z-464a5e3f","scylla",15,17865.71,14675.64,"scylla-node1",5.63,493355008,6442450944,"271MB / 251MB","39.5MB / 426MB"
"2026-09-02T20:19:30.7535020Z","EXP-20260902T200018Z-464a5e3f","scylla",12,17839.37,14701.98,"scylla-node3",4.52,479723520,6442450944,"338MB / 347MB","38.4MB / 420MB"
"2026-09-02T20:19:30.7535020Z","EXP-20260902T200018Z-464a5e3f","scylla",12,17839.37,14701.98,"scylla-node2",6.57,1852204646,6442450944,"305MB / 322MB","490MB / 493MB"
"2026-09-02T20:19:30.7535020Z","EXP-20260902T200018Z-464a5e3f","scylla",12,17839.37,14701.98,"scylla-node1",4.59,493355008,6442450944,"291MB / 295MB","39.5MB / 426MB"
"2026-09-02T20:20:34.3668056Z","EXP-20260902T200018Z-464a5e3f","scylla",12,17847.7,14693.65,"scylla-node3",4.44,479933235,6442450944,"364MB / 396MB","38.4MB / 420MB"
"2026-09-02T20:20:34.3668056Z","EXP-20260902T200018Z-464a5e3f","scylla",12,17847.7,14693.65,"scylla-node2",4.67,1852204646,6442450944,"328MB / 368MB","490MB / 493MB"
"2026-09-02T20:20:34.3668056Z","EXP-20260902T200018Z-464a5e3f","scylla",12,17847.7,14693.65,"scylla-node1",4.75,493355008,6442450944,"310MB / 340MB","39.5MB / 426MB"
"2026-09-02T20:21:37.3581955Z","EXP-20260902T200018Z-464a5e3f","scylla",7,17840.48,14700.88,"scylla-node3",5.67,479723520,6442450944,"391MB / 446MB","38.4MB / 420MB"
"2026-09-02T20:21:37.3581955Z","EXP-20260902T200018Z-464a5e3f","scylla",7,17840.48,14700.88,"scylla-node2",6.7,1852204646,6442450944,"352MB / 415MB","490MB / 493MB"
"2026-09-02T20:21:37.3581955Z","EXP-20260902T200018Z-464a5e3f","scylla",7,17840.48,14700.88,"scylla-node1",7.14,493669581,6442450944,"330MB / 384MB","39.5MB / 426MB"
"2026-09-02T20:22:40.9244213Z","EXP-20260902T200018Z-464a5e3f","scylla",23,17893.19,14648.16,"scylla-node3",4.8,479723520,6442450944,"394MB / 449MB","38.4MB / 420MB"
"2026-09-02T20:22:40.9244213Z","EXP-20260902T200018Z-464a5e3f","scylla",23,17893.19,14648.16,"scylla-node2",5.44,1852204646,6442450944,"354MB / 417MB","490MB / 493MB"
"2026-09-02T20:22:40.9244213Z","EXP-20260902T200018Z-464a5e3f","scylla",23,17893.19,14648.16,"scylla-node1",5.67,493355008,6442450944,"332MB / 386MB","39.5MB / 426MB"
"2026-09-02T20:23:44.6479258Z","EXP-20260902T200018Z-464a5e3f","scylla",8,17814.75,14726.6,"scylla-node3",6.44,479723520,6442450944,"397MB / 451MB","38.4MB / 420MB"
"2026-09-02T20:23:44.6479258Z","EXP-20260902T200018Z-464a5e3f","scylla",8,17814.75,14726.6,"scylla-node2",6.23,1852204646,6442450944,"357MB / 420MB","490MB / 493MB"
"2026-09-02T20:23:44.6479258Z","EXP-20260902T200018Z-464a5e3f","scylla",8,17814.75,14726.6,"scylla-node1",6.33,493355008,6442450944,"334MB / 389MB","39.5MB / 426MB"
"2026-09-02T20:24:47.4633667Z","EXP-20260902T200018Z-464a5e3f","scylla",16,17825.43,14715.92,"scylla-node3",5.21,479723520,6442450944,"400MB / 454MB","38.4MB / 420MB"
"2026-09-02T20:24:47.4633667Z","EXP-20260902T200018Z-464a5e3f","scylla",16,17825.43,14715.92,"scylla-node2",5.23,1852204646,6442450944,"359MB / 423MB","490MB / 493MB"
"2026-09-02T20:24:47.4633667Z","EXP-20260902T200018Z-464a5e3f","scylla",16,17825.43,14715.92,"scylla-node1",4.7,493355008,6442450944,"337MB / 391MB","39.5MB / 426MB"
"2026-09-02T20:25:51.0566150Z","EXP-20260902T200018Z-464a5e3f","scylla",9,17819.75,14721.6,"scylla-node3",5.1,479723520,6442450944,"402MB / 457MB","38.4MB / 420MB"
"2026-09-02T20:25:51.0566150Z","EXP-20260902T200018Z-464a5e3f","scylla",9,17819.75,14721.6,"scylla-node2",5.43,1852204646,6442450944,"362MB / 425MB","490MB / 493MB"
"2026-09-02T20:25:51.0566150Z","EXP-20260902T200018Z-464a5e3f","scylla",9,17819.75,14721.6,"scylla-node1",5.1,493355008,6442450944,"339MB / 394MB","39.5MB / 426MB"
"2026-09-02T20:26:54.6464532Z","EXP-20260902T200018Z-464a5e3f","scylla",14,17839.55,14701.8,"scylla-node3",2.36,482659533,6442450944,"405MB / 459MB","40.5MB / 425MB"
"2026-09-02T20:26:54.6464532Z","EXP-20260902T200018Z-464a5e3f","scylla",14,17839.55,14701.8,"scylla-node2",2.58,1856499614,6442450944,"364MB / 427MB","492MB / 498MB"
"2026-09-02T20:26:54.6464532Z","EXP-20260902T200018Z-464a5e3f","scylla",14,17839.55,14701.8,"scylla-node1",2.46,496395878,6442450944,"342MB / 396MB","41.7MB / 431MB"
"2026-09-02T20:27:57.6964674Z","EXP-20260902T200018Z-464a5e3f","scylla",10,17855.88,14685.47,"scylla-node3",3.68,483498394,6442450944,"407MB / 462MB","41.7MB / 429MB"
"2026-09-02T20:27:57.6964674Z","EXP-20260902T200018Z-464a5e3f","scylla",10,17855.88,14685.47,"scylla-node2",4.74,1856499614,6442450944,"367MB / 430MB","494MB / 502MB"
"2026-09-02T20:27:57.6964674Z","EXP-20260902T200018Z-464a5e3f","scylla",10,17855.88,14685.47,"scylla-node1",3.87,497025024,6442450944,"344MB / 398MB","42.9MB / 434MB"
"2026-09-02T20:29:01.3052781Z","EXP-20260902T200018Z-464a5e3f","scylla",9,17858.57,14682.79,"scylla-node3",5.26,484337254,6442450944,"410MB / 464MB","42.9MB / 432MB"
"2026-09-02T20:29:01.3052781Z","EXP-20260902T200018Z-464a5e3f","scylla",9,17858.57,14682.79,"scylla-node2",3.15,1857573356,6442450944,"369MB / 432MB","495MB / 506MB"
"2026-09-02T20:29:01.3052781Z","EXP-20260902T200018Z-464a5e3f","scylla",9,17858.57,14682.79,"scylla-node1",4.56,497549312,6442450944,"347MB / 400MB","44.1MB / 438MB"
"2026-09-02T20:30:04.9430620Z","EXP-20260902T200018Z-464a5e3f","scylla",10,17876.2,14665.15,"scylla-node3",4.28,484861542,6442450944,"412MB / 466MB","44.1MB / 436MB"
"2026-09-02T20:30:04.9430620Z","EXP-20260902T200018Z-464a5e3f","scylla",10,17876.2,14665.15,"scylla-node2",4.85,1858647097,6442450944,"372MB / 434MB","496MB / 510MB"
"2026-09-02T20:30:04.9430620Z","EXP-20260902T200018Z-464a5e3f","scylla",10,17876.2,14665.15,"scylla-node1",4.74,498178458,6442450944,"349MB / 402MB","45.2MB / 442MB"
"2026-09-02T20:31:07.8980141Z","EXP-20260902T200018Z-464a5e3f","scylla",10,17866.84,14674.51,"scylla-node3",9.8,486119834,6442450944,"415MB / 469MB","45.3MB / 440MB"
"2026-09-02T20:31:07.8980141Z","EXP-20260902T200018Z-464a5e3f","scylla",10,17866.84,14674.51,"scylla-node2",6.74,1858647097,6442450944,"374MB / 436MB","497MB / 513MB"
"2026-09-02T20:31:07.8980141Z","EXP-20260902T200018Z-464a5e3f","scylla",10,17866.84,14674.51,"scylla-node1",5.57,498807603,6442450944,"352MB / 405MB","46.4MB / 445MB"
"2026-09-02T20:32:11.5453825Z","EXP-20260902T200018Z-464a5e3f","scylla",9,17884.8,14656.55,"scylla-node3",5.6,486958694,6442450944,"418MB / 471MB","47.7MB / 444MB"
"2026-09-02T20:32:11.5453825Z","EXP-20260902T200018Z-464a5e3f","scylla",9,17884.8,14656.55,"scylla-node2",4.61,1859720839,6442450944,"377MB / 439MB","500MB / 519MB"
"2026-09-02T20:32:11.5453825Z","EXP-20260902T200018Z-464a5e3f","scylla",9,17884.8,14656.55,"scylla-node1",5.25,499436749,6442450944,"354MB / 407MB","48.7MB / 450MB"
"2026-09-02T20:33:15.1982841Z","EXP-20260902T200018Z-464a5e3f","scylla",12,17946.8,14594.55,"scylla-node3",5.98,487692698,6442450944,"420MB / 474MB","48.9MB / 448MB"
"2026-09-02T20:33:15.1982841Z","EXP-20260902T200018Z-464a5e3f","scylla",12,17946.8,14594.55,"scylla-node2",7.7,1859720839,6442450944,"379MB / 441MB","502MB / 522MB"
"2026-09-02T20:33:15.1982841Z","EXP-20260902T200018Z-464a5e3f","scylla",12,17946.8,14594.55,"scylla-node1",5.17,499961037,6442450944,"356MB / 409MB","49.9MB / 453MB"
"2026-09-02T20:34:18.0413006Z","EXP-20260902T200018Z-464a5e3f","scylla",5,17917.2,14624.15,"scylla-node3",6.12,488216986,6442450944,"423MB / 477MB","50.1MB / 451MB"
"2026-09-02T20:34:18.0413006Z","EXP-20260902T200018Z-464a5e3f","scylla",5,17917.2,14624.15,"scylla-node2",5.55,1860794581,6442450944,"382MB / 443MB","503MB / 526MB"
"2026-09-02T20:34:18.0413006Z","EXP-20260902T200018Z-464a5e3f","scylla",5,17917.2,14624.15,"scylla-node1",5.15,500485325,6442450944,"359MB / 412MB","51.1MB / 456MB"
"2026-09-02T20:35:21.6240928Z","EXP-20260902T200018Z-464a5e3f","scylla",16,17932.04,14609.31,"scylla-node3",5.03,488846131,6442450944,"426MB / 479MB","51.3MB / 454MB"
"2026-09-02T20:35:21.6240928Z","EXP-20260902T200018Z-464a5e3f","scylla",16,17932.04,14609.31,"scylla-node2",4.81,1860794581,6442450944,"385MB / 446MB","504MB / 529MB"
"2026-09-02T20:35:21.6240928Z","EXP-20260902T200018Z-464a5e3f","scylla",16,17932.04,14609.31,"scylla-node1",4.68,501009613,6442450944,"361MB / 414MB","52.3MB / 459MB"
"2026-09-02T20:36:25.2415302Z","EXP-20260902T200018Z-464a5e3f","scylla",16,17965.51,14575.84,"scylla-node3",6.16,489475277,6442450944,"428MB / 482MB","52.5MB / 457MB"
"2026-09-02T20:36:25.2415302Z","EXP-20260902T200018Z-464a5e3f","scylla",16,17965.51,14575.84,"scylla-node2",6.41,1861868323,6442450944,"387MB / 449MB","505MB / 532MB"
"2026-09-02T20:36:25.2415302Z","EXP-20260902T200018Z-464a5e3f","scylla",16,17965.51,14575.84,"scylla-node1",5.38,501429043,6442450944,"364MB / 416MB","53.5MB / 462MB"
"2026-09-02T20:37:28.2179762Z","EXP-20260902T200018Z-464a5e3f","scylla",4,17950.83,14590.52,"scylla-node3",5.04,489894707,6442450944,"431MB / 485MB","54.9MB / 461MB"
"2026-09-02T20:37:28.2179762Z","EXP-20260902T200018Z-464a5e3f","scylla",4,17950.83,14590.52,"scylla-node2",4.29,1861868323,6442450944,"390MB / 451MB","508MB / 536MB"
"2026-09-02T20:37:28.2179762Z","EXP-20260902T200018Z-464a5e3f","scylla",4,17950.83,14590.52,"scylla-node1",4.28,502267904,6442450944,"366MB / 419MB","55.9MB / 467MB"
"2026-09-02T20:38:31.8157163Z","EXP-20260902T200018Z-464a5e3f","scylla",20,18936.32,13605.03,"scylla-node3",3.04,490418995,6442450944,"434MB / 488MB","56.1MB / 464MB"
"2026-09-02T20:38:31.8157163Z","EXP-20260902T200018Z-464a5e3f","scylla",20,18936.32,13605.03,"scylla-node2",2.84,1861868323,6442450944,"392MB / 454MB","509MB / 539MB"
"2026-09-02T20:38:31.8157163Z","EXP-20260902T200018Z-464a5e3f","scylla",20,18936.32,13605.03,"scylla-node1",2.16,502792192,6442450944,"369MB / 421MB","57.1MB / 470MB"
"2026-09-02T20:39:35.2568977Z","EXP-20260902T200018Z-464a5e3f","scylla",23,18059.53,14481.82,"scylla-node3",8.64,495871590,6442450944,"440MB / 493MB","57.3MB / 470MB"
"2026-09-02T20:39:35.2568977Z","EXP-20260902T200018Z-464a5e3f","scylla",23,18059.53,14481.82,"scylla-node2",8.81,1868310774,6442450944,"399MB / 459MB","510MB / 545MB"
"2026-09-02T20:39:35.2568977Z","EXP-20260902T200018Z-464a5e3f","scylla",23,18059.53,14481.82,"scylla-node1",8.07,507615642,6442450944,"375MB / 426MB","58.3MB / 475MB"
"2026-09-02T20:40:38.2798911Z","EXP-20260902T200018Z-464a5e3f","scylla",8,18097.54,14443.81,"scylla-node3",5.04,496710451,6442450944,"441MB / 494MB","57.3MB / 470MB"
"2026-09-02T20:40:38.2798911Z","EXP-20260902T200018Z-464a5e3f","scylla",8,18097.54,14443.81,"scylla-node2",4.7,1869384516,6442450944,"400MB / 460MB","510MB / 546MB"
"2026-09-02T20:40:38.2798911Z","EXP-20260902T200018Z-464a5e3f","scylla",8,18097.54,14443.81,"scylla-node1",4.49,508559360,6442450944,"376MB / 427MB","58.3MB / 476MB"
"2026-09-02T20:41:41.8997025Z","","",13,17560.59,14980.76,"scylla-node3",2.96,496710451,6442450944,"442MB / 495MB","57.3MB / 470MB"
"2026-09-02T20:41:41.8997025Z","","",13,17560.59,14980.76,"scylla-node2",2.92,1868310774,6442450944,"400MB / 461MB","510MB / 546MB"
"2026-09-02T20:41:41.8997025Z","","",13,17560.59,14980.76,"scylla-node1",2.17,508769075,6442450944,"377MB / 428MB","58.3MB / 476MB"
"2026-09-02T20:42:45.4710714Z","","",7,17673.56,14867.79,"scylla-node3",5.18,496710451,6442450944,"442MB / 495MB","57.3MB / 470MB"
"2026-09-02T20:42:45.4710714Z","","",7,17673.56,14867.79,"scylla-node2",4.2,1868310774,6442450944,"401MB / 461MB","510MB / 546MB"
"2026-09-02T20:42:45.4710714Z","","",7,17673.56,14867.79,"scylla-node1",4.7,508559360,6442450944,"377MB / 428MB","58.3MB / 476MB"
"2026-09-02T20:43:48.5576066Z","","",11,17643.48,14897.87,"scylla-node3",4.46,497025024,6442450944,"443MB / 496MB","57.3MB / 470MB"
"2026-09-02T20:43:48.5576066Z","","",11,17643.48,14897.87,"scylla-node2",5.04,1868310774,6442450944,"401MB / 462MB","510MB / 546MB"
"2026-09-02T20:43:48.5576066Z","","",11,17643.48,14897.87,"scylla-node1",4.16,508559360,6442450944,"378MB / 429MB","58.3MB / 476MB"
"2026-09-02T20:44:52.1688795Z","","",8,17599.7,14941.65,"scylla-node3",6.16,497025024,6442450944,"443MB / 496MB","57.3MB / 470MB"
"2026-09-02T20:44:52.1688795Z","","",8,17599.7,14941.65,"scylla-node2",6.63,1868310774,6442450944,"402MB / 462MB","510MB / 546MB"
"2026-09-02T20:44:52.1688795Z","","",8,17599.7,14941.65,"scylla-node1",5.12,508559360,6442450944,"378MB / 429MB","58.3MB / 476MB"
"2026-09-02T20:45:55.7887598Z","","",8,17605.18,14936.18,"scylla-node3",5.63,496710451,6442450944,"444MB / 496MB","57.3MB / 470MB"
"2026-09-02T20:45:55.7887598Z","","",8,17605.18,14936.18,"scylla-node2",4.75,1868310774,6442450944,"402MB / 462MB","510MB / 546MB"
"2026-09-02T20:45:55.7887598Z","","",8,17605.18,14936.18,"scylla-node1",5.76,508559360,6442450944,"378MB / 430MB","58.3MB / 476MB"
"2026-09-02T20:46:58.7215972Z","","",16,17590.5,14950.85,"scylla-node3",4.81,496710451,6442450944,"444MB / 497MB","57.3MB / 470MB"
"2026-09-02T20:46:58.7215972Z","","",16,17590.5,14950.85,"scylla-node2",4.67,1868310774,6442450944,"403MB / 463MB","510MB / 546MB"
"2026-09-02T20:46:58.7215972Z","","",16,17590.5,14950.85,"scylla-node1",4.51,508559360,6442450944,"379MB / 430MB","58.3MB / 476MB"
"2026-09-02T20:48:02.3524706Z","","",8,17523.04,15018.31,"scylla-node3",6.72,496710451,6442450944,"444MB / 497MB","57.3MB / 470MB"
"2026-09-02T20:48:02.3524706Z","","",8,17523.04,15018.31,"scylla-node2",5.93,1869384516,6442450944,"403MB / 463MB","510MB / 546MB"
"2026-09-02T20:48:02.3524706Z","","",8,17523.04,15018.31,"scylla-node1",6.61,508559360,6442450944,"379MB / 430MB","58.3MB / 476MB"
"2026-09-02T20:49:05.9653570Z","","",9,17518.15,15023.2,"scylla-node3",6.33,496710451,6442450944,"445MB / 498MB","57.3MB / 470MB"
"2026-09-02T20:49:05.9653570Z","","",9,17518.15,15023.2,"scylla-node2",5.17,1868310774,6442450944,"403MB / 464MB","510MB / 546MB"
"2026-09-02T20:49:05.9653570Z","","",9,17518.15,15023.2,"scylla-node1",6.1,508559360,6442450944,"380MB / 431MB","58.3MB / 476MB"
"2026-09-02T20:50:08.8142603Z","","",5,17335.76,15205.59,"scylla-node3",5.97,497025024,6442450944,"445MB / 498MB","57.3MB / 470MB"
"2026-09-02T20:50:08.8142603Z","","",5,17335.76,15205.59,"scylla-node2",4.88,1869384516,6442450944,"404MB / 464MB","510MB / 546MB"
"2026-09-02T20:50:08.8142603Z","","",5,17335.76,15205.59,"scylla-node1",4.67,508769075,6442450944,"380MB / 431MB","58.3MB / 476MB"
"2026-09-02T20:51:12.4090651Z","","",8,17327.07,15214.29,"scylla-node3",6.22,496710451,6442450944,"446MB / 498MB","57.3MB / 470MB"
"2026-09-02T20:51:12.4090651Z","","",8,17327.07,15214.29,"scylla-node2",5.7,1868310774,6442450944,"404MB / 465MB","510MB / 546MB"
"2026-09-02T20:51:12.4090651Z","","",8,17327.07,15214.29,"scylla-node1",4.95,508559360,6442450944,"380MB / 432MB","58.3MB / 476MB"
"2026-09-02T20:52:16.0745428Z","","",7,17341.5,15199.85,"scylla-node3",5.6,499227034,6442450944,"446MB / 499MB","57.3MB / 470MB"
"2026-09-02T20:52:16.0745428Z","","",7,17341.5,15199.85,"scylla-node2",7.57,1871531999,6442450944,"405MB / 465MB","510MB / 546MB"
"2026-09-02T20:52:16.0745428Z","","",7,17341.5,15199.85,"scylla-node1",5.87,511705088,6442450944,"381MB / 432MB","58.3MB / 476MB"
"2026-09-02T20:53:18.9881488Z","","",12,17374.2,15167.16,"scylla-node3",4.53,499017318,6442450944,"447MB / 499MB","57.3MB / 470MB"
"2026-09-02T20:53:18.9881488Z","","",12,17374.2,15167.16,"scylla-node2",4.13,1871531999,6442450944,"405MB / 465MB","510MB / 546MB"
"2026-09-02T20:53:18.9881488Z","","",12,17374.2,15167.16,"scylla-node1",4.57,511705088,6442450944,"381MB / 433MB","58.3MB / 476MB"
"2026-09-02T20:54:22.5760020Z","","",9,17372.2,15169.15,"scylla-node3",6.26,499541606,6442450944,"447MB / 500MB","57.3MB / 470MB"
"2026-09-02T20:54:22.5760020Z","","",9,17372.2,15169.15,"scylla-node2",5.45,1871531999,6442450944,"405MB / 466MB","510MB / 546MB"
"2026-09-02T20:54:22.5760020Z","","",9,17372.2,15169.15,"scylla-node1",5.46,511705088,6442450944,"382MB / 433MB","58.3MB / 476MB"
"2026-09-02T20:55:26.2120389Z","","",2,17411.64,15129.71,"scylla-node3",5.82,499017318,6442450944,"448MB / 500MB","57.3MB / 470MB"
"2026-09-02T20:55:26.2120389Z","","",2,17411.64,15129.71,"scylla-node2",4.98,1871531999,6442450944,"406MB / 466MB","510MB / 546MB"
"2026-09-02T20:55:26.2120389Z","","",2,17411.64,15129.71,"scylla-node1",5.28,511705088,6442450944,"382MB / 433MB","58.3MB / 476MB"
"2026-09-02T20:56:29.1366018Z","","",5,17394.14,15147.21,"scylla-node3",5.56,499017318,6442450944,"448MB / 501MB","57.3MB / 470MB"
"2026-09-02T20:56:29.1366018Z","","",5,17394.14,15147.21,"scylla-node2",5.33,1871531999,6442450944,"406MB / 467MB","510MB / 546MB"
"2026-09-02T20:56:29.1366018Z","","",5,17394.14,15147.21,"scylla-node1",4.89,511705088,6442450944,"382MB / 434MB","58.3MB / 476MB"
"2026-09-02T20:57:32.7526065Z","","",9,17385.01,15156.34,"scylla-node3",4.39,499017318,6442450944,"448MB / 501MB","57.3MB / 470MB"
"2026-09-02T20:57:32.7526065Z","","",9,17385.01,15156.34,"scylla-node2",4.89,1871531999,6442450944,"407MB / 467MB","510MB / 546MB"
"2026-09-02T20:57:32.7526065Z","","",9,17385.01,15156.34,"scylla-node1",5.01,511705088,6442450944,"383MB / 434MB","58.3MB / 476MB"
"2026-09-02T20:58:36.3641480Z","","",13,17436.39,15104.96,"scylla-node3",5.28,499017318,6442450944,"449MB / 501MB","57.3MB / 470MB"
"2026-09-02T20:58:36.3641480Z","","",13,17436.39,15104.96,"scylla-node2",5.24,1871531999,6442450944,"407MB / 467MB","510MB / 546MB"
"2026-09-02T20:58:36.3641480Z","","",13,17436.39,15104.96,"scylla-node1",5.44,511809946,6442450944,"383MB / 435MB","58.3MB / 476MB"
"2026-09-02T20:59:39.2928574Z","","",11,17428.34,15113.02,"scylla-node3",6.2,499017318,6442450944,"449MB / 502MB","57.3MB / 470MB"
"2026-09-02T20:59:39.2928574Z","","",11,17428.34,15113.02,"scylla-node2",5.22,1871531999,6442450944,"407MB / 468MB","510MB / 546MB"
"2026-09-02T20:59:39.2928574Z","","",11,17428.34,15113.02,"scylla-node1",4.78,511705088,6442450944,"384MB / 435MB","58.3MB / 476MB"
"2026-09-02T21:00:42.8722646Z","","",10,17409.3,15132.05,"scylla-node3",5.08,499227034,6442450944,"450MB / 502MB","57.3MB / 470MB"
"2026-09-02T21:00:42.8722646Z","","",10,17409.3,15132.05,"scylla-node2",4.76,1871531999,6442450944,"408MB / 468MB","510MB / 546MB"
"2026-09-02T21:00:42.8722646Z","","",10,17409.3,15132.05,"scylla-node1",6.32,511809946,6442450944,"384MB / 436MB","58.3MB / 476MB"
"2026-09-02T21:01:46.5134338Z","","",23,17461.8,15079.55,"scylla-node3",3.67,499017318,6442450944,"450MB / 503MB","57.3MB / 470MB"
"2026-09-02T21:01:46.5134338Z","","",23,17461.8,15079.55,"scylla-node2",3.74,1871531999,6442450944,"408MB / 469MB","510MB / 546MB"
"2026-09-02T21:01:46.5134338Z","","",23,17461.8,15079.55,"scylla-node1",3.21,511809946,6442450944,"385MB / 436MB","58.3MB / 476MB"
"2026-09-02T21:02:49.4811107Z","","",19,17632.08,14909.27,"scylla-node3",6.15,499017318,6442450944,"451MB / 503MB","57.3MB / 470MB"
"2026-09-02T21:02:49.4811107Z","","",19,17632.08,14909.27,"scylla-node2",5.73,1871531999,6442450944,"409MB / 469MB","510MB / 546MB"
"2026-09-02T21:02:49.4811107Z","","",19,17632.08,14909.27,"scylla-node1",5.47,511809946,6442450944,"385MB / 436MB","58.3MB / 476MB"
"2026-09-02T21:03:53.0953527Z","","",39,17972.77,14568.58,"scylla-node3",7.77,499227034,6442450944,"451MB / 503MB","57.3MB / 470MB"
"2026-09-02T21:03:53.0953527Z","","",39,17972.77,14568.58,"scylla-node2",4.77,1871531999,6442450944,"409MB / 470MB","510MB / 546MB"
"2026-09-02T21:03:53.0953527Z","","",39,17972.77,14568.58,"scylla-node1",5.15,511705088,6442450944,"385MB / 437MB","58.3MB / 476MB"
"2026-09-02T21:04:56.8395169Z","","",19,17942.1,14599.25,"scylla-node3",3.81,499227034,6442450944,"451MB / 504MB","57.3MB / 470MB"
"2026-09-02T21:04:56.8395169Z","","",19,17942.1,14599.25,"scylla-node2",3.13,1871531999,6442450944,"409MB / 470MB","510MB / 546MB"
"2026-09-02T21:04:56.8395169Z","","",19,17942.1,14599.25,"scylla-node1",3.74,512019661,6442450944,"386MB / 437MB","58.3MB / 476MB"
